Schulnummer;Anzahl;
"100010";"73";
"100011";"130";
"100012";"360";
"100014";"384";
"100015";"115";
"100016";"466";
"100017";"37";
"100018";"661";
"100019";"757";
"100020";"193";
"100021";"557";
"100022";"797";
"100023";"173";
"100024";"458";
"100025";"148";
"100026";"0";
"100027";"0";
"100028";"0";
"100029";"0";
"100030";"21";
"100033";"48";
"100034";"29";
"100035";"38";
"100036";"0";
"100037";"8";
"100038";"0";
"100039";"12";
"100040";"0";
"100041";"0";
"100042";"0";
"100044";"0";
"100045";"0";
"100046";"0";
"100047";"0";
"100048";"0";
"100049";"0";
"100050";"0";
"100051";"0";
"100052";"0";
"100053";"0";
"100056";"0";
"100057";"0";
"100058";"0";
"100059";"0";
"100060";"0";
"100067";"337";
"100079";"350";
"100092";"153";
"100109";"341";
"100122";"185";
"100158";"169";
"100160";"331";
"100171";"349";
"100183";"203";
"100213";"295";
"100225";"220";
"100237";"200";
"100250";"204";
"100262";"150";
"100274";"179";
"100286";"485";
"100298";"109";
"100304";"254";
"100316";"210";
"100328";"449";
"100330";"306";
"100365";"254";
"100389";"123";
"100390";"177";
"100420";"350";
"100432";"212";
"100444";"211";
"100468";"202";
"100470";"226";
"100481";"152";
"100493";"257";
"100500";"335";
"100523";"352";
"100535";"243";
"100547";"138";
"100560";"225";
"100572";"114";
"100584";"207";
"100596";"253";
"100602";"201";
"100638";"322";
"100651";"310";
"100663";"104";
"100675";"184";
"100687";"319";
"100699";"286";
"100705";"426";
"100717";"223";
"100730";"195";
"100742";"324";
"100754";"220";
"100766";"303";
"100778";"240";
"100780";"181";
"100791";"317";
"100808";"312";
"100810";"249";
"100821";"212";
"100833";"373";
"100845";"287";
"100869";"188";
"100870";"176";
"100882";"185";
"100894";"191";
"100900";"161";
"100924";"274";
"100936";"188";
"100950";"304";
"100961";"266";
"100973";"99";
"100985";"226";
"101000";"160";
"101011";"239";
"101023";"361";
"101047";"317";
"101059";"192";
"101060";"208";
"101072";"400";
"101084";"200";
"101126";"210";
"101138";"174";
"101140";"162";
"101151";"310";
"101163";"255";
"101205";"206";
"101217";"368";
"101242";"181";
"101254";"200";
"101266";"198";
"101291";"202";
"101321";"156";
"101333";"294";
"101357";"200";
"101369";"151";
"101370";"198";
"101382";"209";
"101394";"315";
"101400";"379";
"101412";"222";
"101424";"255";
"101436";"305";
"101448";"287";
"101473";"325";
"101485";"279";
"101503";"213";
"101515";"187";
"101527";"201";
"101540";"234";
"101552";"201";
"101564";"348";
"101576";"140";
"101588";"178";
"101606";"290";
"101618";"270";
"101620";"185";
"101631";"232";
"101643";"344";
"101655";"176";
"101667";"199";
"101679";"255";
"101692";"305";
"101709";"278";
"101710";"242";
"101722";"173";
"101734";"242";
"101746";"381";
"101771";"246";
"101801";"233";
"101813";"200";
"101837";"238";
"101850";"221";
"101886";"206";
"101898";"223";
"101904";"201";
"101916";"227";
"101930";"128";
"101941";"213";
"102003";"393";
"102015";"219";
"102027";"161";
"102040";"188";
"102052";"208";
"102064";"363";
"102076";"235";
"102088";"320";
"102106";"217";
"102118";"184";
"102120";"213";
"102143";"210";
"102155";"206";
"102179";"214";
"102180";"216";
"102210";"215";
"102234";"189";
"102246";"209";
"102258";"212";
"102260";"410";
"102271";"231";
"102283";"195";
"102295";"289";
"102301";"166";
"102362";"214";
"102386";"281";
"102398";"196";
"102404";"191";
"102416";"307";
"102430";"178";
"102453";"194";
"102465";"200";
"102489";"316";
"102490";"276";
"102507";"293";
"102519";"330";
"102520";"205";
"102532";"271";
"102544";"345";
"102556";"232";
"102570";"197";
"102600";"182";
"102623";"293";
"102635";"331";
"102647";"202";
"102659";"220";
"102660";"205";
"102672";"238";
"102696";"264";
"102702";"199";
"102714";"180";
"102726";"144";
"102738";"231";
"102740";"193";
"102751";"368";
"102763";"312";
"102775";"193";
"102787";"201";
"102799";"201";
"102805";"331";
"102829";"236";
"102830";"172";
"102842";"180";
"102866";"242";
"102878";"295";
"102880";"125";
"102891";"232";
"102908";"343";
"102921";"252";
"102945";"392";
"102957";"223";
"102970";"218";
"102982";"213";
"102994";"314";
"103020";"364";
"103068";"477";
"103070";"254";
"103081";"225";
"103100";"161";
"103111";"305";
"103123";"222";
"103135";"279";
"103147";"204";
"103159";"220";
"103160";"221";
"103172";"348";
"103184";"282";
"103196";"336";
"103202";"121";
"103214";"231";
"103226";"295";
"103240";"217";
"103251";"300";
"103263";"217";
"103287";"169";
"103299";"281";
"103305";"306";
"103317";"220";
"103330";"219";
"103342";"232";
"103354";"211";
"103366";"252";
"103378";"234";
"103380";"196";
"103410";"202";
"103421";"316";
"103433";"203";
"103445";"211";
"103500";"209";
"103512";"172";
"103524";"396";
"103536";"386";
"103561";"194";
"103573";"196";
"103627";"300";
"103639";"187";
"103652";"227";
"103676";"283";
"103690";"367";
"103720";"318";
"103731";"197";
"103755";"432";
"103780";"262";
"103809";"320";
"103822";"238";
"103834";"382";
"103846";"187";
"103858";"208";
"103860";"233";
"103913";"250";
"103925";"315";
"103949";"260";
"103950";"278";
"103962";"204";
"103974";"271";
"103998";"319";
"104000";"183";
"104012";"278";
"104036";"313";
"104048";"215";
"104073";"227";
"104085";"380";
"104103";"266";
"104115";"210";
"104127";"179";
"104139";"291";
"104140";"262";
"104164";"212";
"104188";"405";
"104190";"225";
"104206";"200";
"104220";"251";
"104231";"248";
"104243";"295";
"104279";"233";
"104280";"220";
"104292";"105";
"104310";"153";
"104346";"241";
"104358";"218";
"104360";"206";
"104371";"226";
"104401";"221";
"104413";"370";
"104425";"221";
"104437";"120";
"104449";"175";
"104450";"97";
"104462";"316";
"104528";"302";
"104541";"228";
"104565";"203";
"104577";"355";
"104589";"207";
"104607";"174";
"104619";"233";
"104620";"266";
"104632";"162";
"104644";"164";
"104656";"212";
"104670";"210";
"104681";"174";
"104693";"229";
"104700";"266";
"104723";"178";
"104796";"161";
"104802";"286";
"104814";"204";
"104838";"208";
"104840";"237";
"104851";"311";
"104863";"210";
"104875";"164";
"104887";"241";
"104905";"196";
"104917";"148";
"104929";"166";
"104930";"271";
"104954";"236";
"104966";"278";
"104991";"307";
"105004";"219";
"105041";"211";
"105065";"294";
"105089";"307";
"105090";"203";
"105107";"212";
"105119";"296";
"105120";"294";
"105132";"283";
"105144";"209";
"105156";"223";
"105170";"314";
"105181";"252";
"105193";"199";
"105211";"215";
"105223";"269";
"105235";"299";
"105247";"210";
"105259";"290";
"105260";"214";
"105272";"171";
"105284";"219";
"105296";"216";
"105302";"237";
"105314";"192";
"105363";"350";
"105375";"268";
"105387";"256";
"105399";"208";
"105405";"277";
"105417";"384";
"105429";"251";
"105430";"401";
"105442";"219";
"105454";"120";
"105466";"303";
"105478";"213";
"105480";"183";
"105510";"202";
"105521";"168";
"105533";"295";
"105545";"304";
"105569";"208";
"105582";"223";
"105594";"214";
"105600";"165";
"105624";"255";
"105636";"211";
"105648";"344";
"105650";"243";
"105661";"272";
"105673";"314";
"105685";"272";
"105697";"246";
"105703";"211";
"105715";"201";
"105727";"252";
"105739";"205";
"105740";"302";
"105752";"185";
"105776";"299";
"105788";"222";
"105790";"138";
"105820";"208";
"105831";"194";
"105855";"306";
"105867";"322";
"105879";"216";
"105880";"226";
"105892";"196";
"105909";"201";
"105910";"186";
"105922";"337";
"105946";"322";
"105958";"211";
"105971";"293";
"105983";"290";
"105995";"208";
"106008";"291";
"106010";"121";
"106021";"195";
"106033";"249";
"106069";"215";
"106070";"212";
"106082";"176";
"106094";"254";
"106100";"213";
"106112";"198";
"106124";"170";
"106136";"227";
"106197";"193";
"106203";"349";
"106215";"326";
"106239";"202";
"106252";"281";
"106264";"304";
"106276";"107";
"106288";"309";
"106318";"206";
"106331";"200";
"106343";"285";
"106355";"281";
"106367";"110";
"106392";"150";
"106409";"175";
"106410";"115";
"106434";"224";
"106446";"291";
"106458";"206";
"106471";"131";
"106483";"223";
"106495";"189";
"106501";"225";
"106513";"218";
"106525";"232";
"106550";"314";
"106562";"272";
"106574";"283";
"106604";"239";
"106616";"190";
"106630";"241";
"106641";"290";
"106653";"226";
"106665";"125";
"106677";"188";
"106690";"297";
"106707";"205";
"106719";"224";
"106720";"311";
"106732";"189";
"106744";"131";
"106756";"162";
"106768";"112";
"106770";"126";
"106781";"321";
"106793";"209";
"106800";"185";
"106823";"102";
"106847";"170";
"106859";"206";
"106860";"277";
"106872";"180";
"106884";"396";
"106896";"219";
"106902";"214";
"106926";"122";
"106938";"123";
"106951";"253";
"106975";"228";
"107001";"296";
"107013";"153";
"107025";"287";
"107037";"276";
"107049";"214";
"107050";"200";
"107062";"111";
"107086";"294";
"107098";"125";
"107104";"312";
"107116";"309";
"107128";"137";
"107130";"216";
"107141";"378";
"107153";"184";
"107177";"206";
"107189";"221";
"107190";"198";
"107207";"204";
"107219";"303";
"107220";"194";
"107232";"302";
"107244";"191";
"107256";"165";
"107268";"119";
"107270";"114";
"107281";"167";
"107293";"193";
"107300";"217";
"107311";"170";
"107323";"213";
"107335";"216";
"107347";"224";
"107359";"236";
"107360";"92";
"107372";"112";
"107384";"207";
"107396";"437";
"107438";"533";
"107440";"100";
"107451";"177";
"107463";"193";
"107475";"327";
"107487";"98";
"107499";"211";
"107505";"206";
"107517";"241";
"107542";"261";
"107578";"115";
"107580";"265";
"107608";"321";
"107610";"216";
"107621";"195";
"107657";"215";
"107670";"281";
"107694";"129";
"107700";"277";
"107712";"223";
"107724";"346";
"107748";"191";
"107750";"188";
"107761";"146";
"107773";"185";
"107785";"319";
"107797";"268";
"107803";"307";
"107815";"227";
"107827";"235";
"107839";"213";
"107840";"292";
"107852";"184";
"107864";"267";
"107888";"265";
"107890";"337";
"107906";"236";
"107918";"234";
"107931";"260";
"107943";"238";
"107955";"222";
"107967";"298";
"107979";"109";
"107980";"224";
"107992";"106";
"108017";"434";
"108029";"179";
"108030";"349";
"108054";"135";
"108080";"242";
"108108";"100";
"108110";"183";
"108133";"185";
"108145";"205";
"108157";"423";
"108169";"208";
"108170";"155";
"108182";"187";
"108224";"264";
"108236";"251";
"108248";"275";
"108261";"232";
"108273";"259";
"108297";"112";
"108327";"165";
"108339";"193";
"108340";"265";
"108352";"118";
"108376";"193";
"108388";"253";
"108390";"233";
"108406";"252";
"108418";"444";
"108455";"196";
"108479";"207";
"108509";"377";
"108534";"198";
"108546";"104";
"108560";"277";
"108571";"334";
"108583";"208";
"108649";"200";
"108650";"299";
"108662";"171";
"108674";"229";
"108686";"158";
"108698";"170";
"108704";"192";
"108716";"192";
"108728";"207";
"108730";"160";
"108741";"197";
"108765";"289";
"108790";"206";
"108819";"245";
"108820";"287";
"108832";"286";
"108844";"171";
"108856";"264";
"108868";"100";
"108881";"255";
"108923";"311";
"108959";"212";
"108960";"221";
"108972";"183";
"108996";"202";
"109009";"186";
"109010";"260";
"109046";"240";
"109060";"266";
"109083";"246";
"109101";"206";
"109113";"324";
"109125";"346";
"109150";"377";
"109186";"272";
"109198";"280";
"109228";"212";
"109230";"215";
"109253";"280";
"109265";"459";
"109277";"317";
"109289";"219";
"109290";"189";
"109320";"180";
"109332";"231";
"109344";"133";
"109356";"296";
"109368";"375";
"109370";"225";
"109400";"170";
"109411";"190";
"109423";"343";
"109435";"176";
"109447";"216";
"109459";"251";
"109472";"431";
"109502";"257";
"109526";"214";
"109538";"267";
"109551";"184";
"109575";"338";
"109630";"237";
"109642";"222";
"109654";"307";
"109678";"289";
"109680";"183";
"109733";"174";
"109745";"178";
"109757";"182";
"109769";"194";
"109770";"160";
"109782";"242";
"109824";"257";
"109848";"197";
"109850";"185";
"109861";"250";
"109873";"143";
"109885";"146";
"109897";"260";
"109915";"266";
"109927";"294";
"109940";"200";
"109976";"242";
"109988";"206";
"110024";"252";
"110036";"188";
"110050";"99";
"110061";"294";
"110085";"244";
"110115";"145";
"110139";"165";
"110140";"271";
"110164";"158";
"110176";"108";
"110188";"198";
"110190";"211";
"110206";"236";
"110220";"248";
"110231";"244";
"110243";"196";
"110280";"237";
"110309";"166";
"110310";"212";
"110322";"145";
"110334";"280";
"110346";"147";
"110358";"152";
"110360";"244";
"110383";"341";
"110395";"202";
"110401";"254";
"110425";"229";
"110437";"200";
"110449";"210";
"110474";"247";
"110486";"225";
"110498";"155";
"110504";"235";
"110528";"225";
"110530";"304";
"110541";"177";
"110553";"174";
"110577";"449";
"110589";"415";
"110590";"393";
"110619";"266";
"110620";"204";
"110644";"265";
"110670";"163";
"110681";"290";
"110700";"197";
"110723";"164";
"110735";"236";
"110747";"324";
"110759";"381";
"110760";"204";
"110784";"213";
"110796";"276";
"110802";"391";
"110814";"217";
"110838";"196";
"110851";"268";
"110875";"220";
"110887";"174";
"110905";"227";
"110942";"307";
"110966";"300";
"110978";"187";
"110991";"249";
"111004";"151";
"111030";"262";
"111041";"182";
"111053";"294";
"111077";"275";
"111089";"218";
"111090";"190";
"111107";"212";
"111119";"236";
"111132";"266";
"111144";"289";
"111168";"232";
"111170";"212";
"111181";"268";
"111200";"229";
"111211";"179";
"111223";"262";
"111235";"202";
"111259";"275";
"111260";"198";
"111272";"227";
"111284";"251";
"111296";"197";
"111302";"224";
"111314";"286";
"111338";"246";
"111340";"249";
"111363";"354";
"111375";"306";
"111387";"324";
"111399";"299";
"111405";"162";
"111417";"204";
"111429";"277";
"111430";"164";
"111442";"141";
"111454";"190";
"111466";"302";
"111478";"202";
"111480";"179";
"111491";"210";
"111510";"409";
"111521";"206";
"111545";"211";
"111557";"379";
"111569";"234";
"111570";"392";
"111594";"279";
"111624";"187";
"111636";"179";
"111648";"213";
"111650";"207";
"111661";"209";
"111673";"200";
"111697";"356";
"111703";"196";
"111715";"257";
"111727";"383";
"111739";"220";
"111740";"221";
"111752";"212";
"111776";"336";
"111788";"377";
"111790";"273";
"111806";"206";
"111820";"298";
"111831";"289";
"111879";"224";
"111880";"192";
"111909";"307";
"111910";"270";
"111922";"180";
"111934";"204";
"111946";"370";
"111958";"192";
"111971";"274";
"111983";"230";
"111995";"173";
"112008";"402";
"112010";"320";
"112021";"175";
"112033";"235";
"112045";"295";
"112057";"243";
"112082";"249";
"112094";"200";
"112100";"300";
"112112";"197";
"112124";"220";
"112136";"172";
"112148";"195";
"112150";"209";
"112173";"203";
"112197";"324";
"112203";"322";
"112239";"177";
"112240";"212";
"112252";"267";
"112264";"204";
"112288";"374";
"112290";"187";
"112306";"237";
"112318";"188";
"112320";"181";
"112331";"197";
"112343";"199";
"112355";"231";
"112367";"274";
"112379";"306";
"112380";"210";
"112409";"174";
"112410";"370";
"112422";"379";
"112434";"208";
"112446";"107";
"112458";"314";
"112460";"213";
"112471";"297";
"112483";"371";
"112495";"396";
"112501";"228";
"112513";"187";
"112525";"193";
"112537";"258";
"112549";"201";
"112562";"326";
"112574";"240";
"112586";"187";
"112604";"316";
"112616";"300";
"112628";"193";
"112630";"187";
"112641";"190";
"112653";"230";
"112677";"336";
"112690";"226";
"112720";"263";
"112732";"302";
"112744";"315";
"112768";"309";
"112770";"148";
"112793";"200";
"112800";"290";
"112811";"208";
"112823";"241";
"112847";"308";
"112859";"440";
"112860";"128";
"112872";"200";
"112884";"224";
"112896";"197";
"112902";"285";
"112926";"133";
"112938";"508";
"112951";"173";
"112963";"124";
"112975";"264";
"112987";"207";
"112999";"216";
"113001";"211";
"113025";"279";
"113037";"191";
"113050";"176";
"113062";"167";
"113074";"103";
"113104";"191";
"113116";"213";
"113128";"147";
"113130";"252";
"113141";"152";
"113153";"164";
"113177";"349";
"113189";"193";
"113207";"123";
"113219";"101";
"113220";"118";
"113232";"128";
"113244";"340";
"113293";"271";
"113311";"190";
"113347";"179";
"113372";"253";
"113396";"151";
"113426";"375";
"113438";"192";
"113451";"298";
"113475";"232";
"113505";"200";
"113517";"205";
"113529";"269";
"113542";"94";
"113554";"190";
"113566";"133";
"113578";"326";
"113580";"240";
"113591";"233";
"113610";"204";
"113621";"199";
"113633";"233";
"113645";"349";
"113657";"260";
"113669";"221";
"113670";"202";
"113682";"196";
"113694";"280";
"113736";"265";
"113748";"97";
"113750";"203";
"113761";"226";
"113773";"272";
"113785";"194";
"113797";"275";
"113803";"131";
"113815";"308";
"113827";"283";
"113839";"402";
"113840";"287";
"113852";"467";
"113864";"515";
"113888";"343";
"113890";"351";
"113906";"303";
"113918";"425";
"113920";"108";
"113943";"424";
"113955";"335";
"113967";"284";
"113979";"181";
"113980";"186";
"114005";"301";
"114017";"356";
"114029";"171";
"114030";"185";
"114054";"165";
"114066";"281";
"114078";"192";
"114080";"303";
"114091";"196";
"114108";"306";
"114110";"290";
"114121";"280";
"114145";"210";
"114169";"186";
"114182";"141";
"114194";"182";
"114212";"124";
"114224";"195";
"114236";"235";
"114248";"216";
"114250";"212";
"114261";"178";
"114273";"203";
"114297";"295";
"114303";"107";
"114315";"138";
"114327";"100";
"114340";"173";
"114352";"309";
"114420";"132";
"114431";"148";
"114443";"185";
"114455";"342";
"114480";"284";
"114509";"75";
"114510";"224";
"114522";"197";
"114534";"162";
"114546";"198";
"114558";"199";
"114560";"203";
"114583";"98";
"114595";"126";
"114601";"178";
"114613";"201";
"114625";"195";
"114637";"139";
"114649";"148";
"114650";"283";
"114662";"303";
"114674";"196";
"114704";"246";
"114716";"248";
"114728";"161";
"114730";"195";
"114753";"88";
"114765";"426";
"114777";"192";
"114789";"210";
"114790";"256";
"114807";"275";
"114819";"400";
"114820";"421";
"114832";"236";
"114844";"160";
"114856";"286";
"114868";"494";
"114870";"270";
"114881";"186";
"114893";"351";
"114900";"290";
"114935";"191";
"114960";"197";
"114972";"102";
"114984";"165";
"114996";"185";
"115010";"152";
"115022";"151";
"115034";"239";
"115046";"149";
"115058";"177";
"115060";"223";
"115071";"186";
"115083";"233";
"115095";"224";
"115101";"270";
"115113";"306";
"115125";"306";
"115149";"205";
"115150";"162";
"115162";"124";
"115174";"193";
"115186";"165";
"115198";"285";
"115228";"238";
"115230";"299";
"115241";"320";
"115253";"202";
"115277";"418";
"115290";"383";
"115307";"120";
"115319";"241";
"115320";"163";
"115332";"167";
"115344";"209";
"115356";"292";
"115368";"139";
"115381";"192";
"115393";"173";
"115400";"197";
"115423";"336";
"115435";"212";
"115484";"346";
"115496";"307";
"115514";"258";
"115538";"347";
"115540";"165";
"115551";"296";
"115563";"250";
"115575";"289";
"115587";"269";
"115605";"182";
"115617";"174";
"115629";"387";
"115630";"153";
"115642";"244";
"115654";"243";
"115666";"140";
"115678";"151";
"115680";"432";
"115691";"319";
"115708";"228";
"115710";"191";
"115733";"188";
"115745";"398";
"115757";"330";
"115769";"171";
"115794";"295";
"115800";"280";
"115812";"290";
"115824";"357";
"115836";"260";
"115848";"422";
"115850";"292";
"115897";"107";
"115903";"140";
"115915";"166";
"115939";"184";
"115940";"217";
"115952";"260";
"115964";"184";
"115988";"214";
"115990";"212";
"116002";"294";
"116014";"192";
"116026";"213";
"116038";"243";
"116040";"277";
"116051";"163";
"116075";"254";
"116087";"98";
"116099";"192";
"116105";"338";
"116117";"259";
"116129";"379";
"116166";"193";
"116180";"186";
"116191";"172";
"116208";"226";
"116221";"209";
"116233";"206";
"116245";"183";
"116257";"186";
"116269";"183";
"116270";"191";
"116282";"309";
"116294";"94";
"116312";"207";
"116324";"201";
"116336";"219";
"116348";"158";
"116350";"240";
"116361";"199";
"116385";"157";
"116403";"151";
"116439";"163";
"116440";"194";
"116464";"202";
"116476";"286";
"116488";"187";
"116490";"110";
"116506";"208";
"116518";"204";
"116520";"306";
"116531";"232";
"116543";"95";
"116567";"146";
"116579";"160";
"116580";"365";
"116592";"178";
"116609";"103";
"116610";"200";
"116622";"194";
"116658";"200";
"116660";"187";
"116683";"195";
"116695";"177";
"116701";"352";
"116737";"213";
"116749";"130";
"116762";"158";
"116774";"271";
"116804";"191";
"116816";"184";
"116828";"281";
"116830";"173";
"116841";"177";
"116865";"94";
"116877";"295";
"116889";"185";
"116907";"151";
"116919";"273";
"116920";"163";
"116956";"150";
"116968";"187";
"116970";"206";
"116993";"209";
"117020";"164";
"117031";"308";
"117043";"153";
"117055";"153";
"117067";"197";
"117092";"250";
"117109";"264";
"117110";"184";
"117122";"211";
"117146";"218";
"117158";"198";
"117160";"260";
"117171";"167";
"117183";"107";
"117195";"153";
"117213";"278";
"117237";"210";
"117249";"303";
"117250";"313";
"117262";"205";
"117286";"305";
"117298";"113";
"117316";"179";
"117328";"198";
"117330";"301";
"117341";"154";
"117353";"131";
"117365";"282";
"117377";"218";
"117389";"317";
"117390";"239";
"117420";"275";
"117432";"283";
"117444";"246";
"117456";"218";
"117470";"259";
"117511";"231";
"117523";"241";
"117560";"505";
"117572";"218";
"117602";"92";
"117638";"212";
"117640";"270";
"117651";"243";
"117687";"396";
"117717";"282";
"117729";"102";
"117730";"148";
"117742";"142";
"117754";"251";
"117778";"314";
"117810";"209";
"117821";"135";
"117894";"180";
"117900";"346";
"117912";"464";
"117924";"98";
"117936";"171";
"117961";"275";
"117985";"116";
"117997";"213";
"118000";"178";
"118023";"155";
"118035";"128";
"118047";"109";
"118059";"294";
"118060";"225";
"118072";"97";
"118102";"160";
"118114";"182";
"118126";"108";
"118138";"107";
"118140";"373";
"118163";"164";
"118187";"130";
"118199";"151";
"118205";"304";
"118217";"189";
"118229";"196";
"118230";"144";
"118242";"91";
"118254";"160";
"118266";"114";
"118278";"157";
"118280";"169";
"118291";"268";
"118333";"250";
"118345";"89";
"118357";"165";
"118382";"190";
"118400";"104";
"118412";"237";
"118424";"119";
"118436";"209";
"118448";"259";
"118461";"292";
"118473";"135";
"118485";"198";
"118497";"134";
"118527";"229";
"118552";"428";
"118564";"123";
"118576";"92";
"118590";"188";
"118606";"233";
"118620";"225";
"118643";"91";
"118655";"198";
"118680";"407";
"118710";"169";
"118734";"203";
"118758";"201";
"118760";"158";
"118783";"196";
"118795";"199";
"118813";"297";
"118825";"261";
"118837";"211";
"118849";"219";
"118850";"309";
"118862";"213";
"118898";"208";
"118928";"398";
"118930";"188";
"118941";"367";
"118953";"208";
"118965";"209";
"118990";"213";
"119027";"190";
"119039";"321";
"119064";"226";
"119076";"206";
"119088";"204";
"119090";"187";
"119106";"209";
"119118";"229";
"119120";"225";
"119131";"229";
"119143";"178";
"119155";"276";
"119167";"242";
"119180";"362";
"119192";"254";
"119222";"219";
"119234";"233";
"119246";"367";
"119260";"335";
"119271";"206";
"119295";"272";
"119301";"217";
"119313";"273";
"119325";"260";
"119337";"193";
"119374";"283";
"119398";"239";
"119404";"220";
"119430";"192";
"119477";"358";
"119519";"225";
"119532";"368";
"119570";"313";
"119611";"322";
"119635";"189";
"119647";"221";
"119659";"195";
"119660";"139";
"119684";"205";
"119696";"182";
"119702";"298";
"119714";"355";
"119740";"263";
"119763";"286";
"119775";"176";
"119787";"225";
"119799";"223";
"119805";"229";
"119817";"262";
"119829";"169";
"119842";"192";
"119866";"168";
"119878";"276";
"119880";"130";
"119891";"168";
"119908";"186";
"119910";"268";
"119921";"400";
"119945";"289";
"119957";"470";
"119969";"230";
"119970";"195";
"120017";"253";
"120029";"290";
"120030";"244";
"120042";"262";
"120054";"348";
"120066";"205";
"120169";"203";
"120170";"308";
"120182";"176";
"120194";"202";
"120200";"291";
"120224";"199";
"120236";"227";
"120248";"351";
"120250";"222";
"120261";"239";
"120273";"178";
"120285";"227";
"120297";"221";
"120315";"293";
"120327";"421";
"120364";"179";
"120376";"217";
"120388";"196";
"120390";"181";
"120418";"280";
"120420";"133";
"120431";"194";
"120443";"285";
"120455";"196";
"120467";"202";
"120480";"284";
"120492";"265";
"120509";"178";
"120510";"269";
"120522";"151";
"120546";"216";
"120558";"323";
"120560";"219";
"120571";"213";
"120583";"231";
"120595";"304";
"120625";"47";
"120662";"291";
"120674";"190";
"120686";"122";
"120698";"293";
"120704";"123";
"120716";"241";
"120728";"144";
"120765";"182";
"120777";"431";
"120790";"186";
"120807";"198";
"120819";"168";
"120832";"267";
"120844";"188";
"120856";"103";
"120868";"335";
"120870";"145";
"120881";"134";
"120893";"182";
"120923";"280";
"120935";"374";
"120947";"173";
"120959";"258";
"120960";"190";
"120972";"233";
"120984";"270";
"120996";"267";
"121009";"322";
"121010";"174";
"121022";"214";
"121034";"102";
"121046";"333";
"121095";"307";
"121113";"304";
"121149";"223";
"121150";"280";
"121162";"211";
"121174";"175";
"121186";"258";
"121198";"190";
"121216";"159";
"121241";"289";
"121253";"283";
"121265";"310";
"121289";"375";
"121290";"184";
"121307";"91";
"121320";"319";
"121332";"307";
"121368";"125";
"121393";"161";
"121400";"104";
"121411";"171";
"121423";"95";
"121435";"194";
"121459";"191";
"121460";"205";
"121472";"190";
"121484";"281";
"121496";"370";
"121502";"22";
"121526";"366";
"121538";"357";
"121551";"302";
"121563";"277";
"121575";"335";
"121587";"166";
"121599";"213";
"121605";"199";
"121629";"285";
"121630";"207";
"121654";"295";
"121680";"313";
"121691";"174";
"121708";"214";
"121721";"412";
"121733";"268";
"121745";"232";
"121769";"163";
"121770";"176";
"121794";"396";
"121800";"123";
"121812";"183";
"121836";"338";
"121848";"325";
"121850";"351";
"121861";"267";
"121885";"398";
"121897";"313";
"121903";"104";
"121915";"170";
"121927";"234";
"121940";"326";
"121964";"200";
"121976";"409";
"121988";"86";
"121990";"259";
"122002";"205";
"122014";"213";
"122026";"224";
"122038";"404";
"122040";"111";
"122051";"179";
"122063";"124";
"122087";"139";
"122099";"113";
"122117";"198";
"122129";"211";
"122130";"140";
"122142";"126";
"122154";"105";
"122166";"180";
"122178";"202";
"122180";"167";
"122191";"404";
"122208";"189";
"122210";"190";
"122221";"277";
"122245";"180";
"122257";"355";
"122269";"226";
"122270";"296";
"122282";"288";
"122294";"248";
"122336";"231";
"122348";"299";
"122373";"144";
"122385";"291";
"122403";"201";
"122415";"120";
"122439";"197";
"122440";"341";
"122464";"304";
"122476";"268";
"122488";"215";
"122490";"301";
"122506";"216";
"122518";"296";
"122555";"218";
"122579";"218";
"122580";"467";
"122592";"225";
"122610";"395";
"122646";"165";
"122658";"159";
"122660";"207";
"122713";"182";
"122737";"179";
"122749";"265";
"122774";"200";
"122798";"202";
"122804";"187";
"122816";"217";
"122828";"291";
"122830";"206";
"122841";"396";
"122889";"214";
"122907";"211";
"122920";"198";
"122932";"178";
"122944";"276";
"122968";"458";
"122970";"236";
"122981";"193";
"123018";"243";
"123031";"140";
"123043";"116";
"123055";"203";
"123067";"322";
"123080";"283";
"123092";"206";
"123109";"196";
"123122";"89";
"123134";"176";
"123146";"215";
"123158";"145";
"123160";"147";
"123183";"190";
"123195";"278";
"123201";"240";
"123213";"185";
"123225";"191";
"123237";"213";
"123249";"241";
"123250";"261";
"123262";"273";
"123274";"251";
"123298";"282";
"123304";"170";
"123316";"196";
"123328";"352";
"123341";"213";
"123353";"268";
"123365";"193";
"123377";"362";
"123389";"293";
"123407";"135";
"123419";"246";
"123420";"218";
"123444";"170";
"123468";"203";
"123470";"200";
"123481";"241";
"123493";"190";
"123500";"180";
"123511";"224";
"123523";"189";
"123535";"103";
"123559";"260";
"123572";"188";
"123596";"127";
"123602";"293";
"123614";"94";
"123626";"339";
"123640";"341";
"123663";"138";
"123705";"380";
"123730";"174";
"123754";"298";
"123766";"164";
"123780";"194";
"123791";"195";
"123808";"145";
"123810";"154";
"123821";"159";
"123833";"116";
"123857";"289";
"123869";"94";
"123870";"179";
"123882";"297";
"123924";"245";
"123936";"176";
"123948";"196";
"123950";"277";
"123961";"249";
"123973";"183";
"123985";"146";
"123997";"109";
"124000";"284";
"124011";"262";
"124059";"326";
"124060";"330";
"124084";"182";
"124102";"163";
"124114";"282";
"124126";"265";
"124138";"354";
"124151";"292";
"124163";"217";
"124175";"376";
"124187";"290";
"124199";"254";
"124205";"306";
"124217";"268";
"124229";"254";
"124230";"178";
"124242";"269";
"124254";"395";
"124266";"266";
"124278";"356";
"124280";"279";
"124291";"235";
"124308";"206";
"124310";"207";
"124321";"118";
"124333";"332";
"124345";"246";
"124357";"164";
"124370";"193";
"124382";"291";
"124394";"318";
"124400";"206";
"124412";"243";
"124424";"211";
"124436";"297";
"124448";"275";
"124450";"172";
"124461";"280";
"124497";"207";
"124503";"424";
"124515";"300";
"124527";"195";
"124539";"219";
"124540";"281";
"124552";"209";
"124564";"320";
"124576";"225";
"124588";"200";
"124590";"176";
"124606";"285";
"124618";"125";
"124631";"144";
"124679";"204";
"124692";"252";
"124709";"206";
"124722";"198";
"124734";"449";
"124746";"184";
"124771";"186";
"124801";"135";
"124825";"144";
"124850";"181";
"124862";"274";
"124874";"96";
"124898";"338";
"124904";"136";
"124941";"304";
"124953";"149";
"124965";"258";
"124977";"199";
"124989";"194";
"124990";"280";
"125003";"277";
"125015";"300";
"125027";"203";
"125039";"453";
"125052";"265";
"125064";"196";
"125088";"177";
"125090";"109";
"125106";"279";
"125118";"207";
"125120";"238";
"125155";"109";
"125167";"342";
"125180";"224";
"125210";"105";
"125222";"194";
"125234";"252";
"125246";"137";
"125258";"289";
"125271";"194";
"125283";"116";
"125295";"211";
"125301";"151";
"125313";"125";
"125325";"230";
"125349";"184";
"125362";"191";
"125374";"420";
"125398";"392";
"125404";"191";
"125416";"175";
"125428";"264";
"125430";"254";
"125465";"224";
"125477";"131";
"125489";"195";
"125490";"195";
"125507";"163";
"125519";"111";
"125520";"324";
"125532";"192";
"125544";"192";
"125556";"204";
"125568";"181";
"125570";"249";
"125581";"258";
"125593";"153";
"125600";"267";
"125611";"272";
"125623";"267";
"125635";"184";
"125647";"159";
"125659";"234";
"125702";"365";
"125714";"167";
"125726";"373";
"125751";"220";
"125763";"245";
"125775";"192";
"125787";"179";
"125799";"182";
"125817";"200";
"125829";"212";
"125842";"160";
"125878";"173";
"125880";"278";
"125891";"219";
"125910";"197";
"125921";"189";
"125969";"416";
"126093";"428";
"126100";"175";
"126123";"96";
"126135";"165";
"126159";"119";
"126184";"317";
"126196";"286";
"126240";"165";
"126251";"223";
"126317";"161";
"126330";"303";
"126380";"171";
"126408";"179";
"126410";"242";
"126421";"307";
"126433";"289";
"126445";"322";
"126457";"260";
"126469";"335";
"126470";"204";
"126494";"181";
"126500";"306";
"126512";"256";
"126524";"242";
"126536";"371";
"126561";"145";
"126573";"247";
"126597";"231";
"126615";"208";
"126627";"119";
"126639";"140";
"126640";"348";
"126652";"251";
"126664";"196";
"126690";"277";
"126706";"228";
"126720";"153";
"126731";"109";
"126780";"107";
"126792";"155";
"126809";"122";
"126810";"177";
"126834";"155";
"126846";"284";
"126860";"233";
"126871";"217";
"126883";"113";
"126895";"316";
"126913";"437";
"126937";"218";
"126949";"401";
"126950";"243";
"126962";"203";
"126974";"441";
"126986";"119";
"126998";"367";
"127024";"214";
"127048";"261";
"127050";"152";
"127061";"162";
"127073";"223";
"127085";"199";
"127097";"298";
"127139";"238";
"127164";"165";
"127188";"202";
"127206";"167";
"127218";"256";
"127220";"304";
"127243";"236";
"127267";"307";
"127292";"222";
"127310";"343";
"127346";"196";
"127360";"275";
"127371";"285";
"127383";"332";
"127395";"308";
"127401";"271";
"127425";"205";
"127450";"343";
"127462";"327";
"127474";"183";
"127486";"303";
"127498";"217";
"127516";"217";
"127528";"347";
"127530";"183";
"127565";"324";
"127589";"128";
"127590";"235";
"127607";"180";
"127619";"173";
"127620";"268";
"127632";"91";
"127656";"372";
"127668";"377";
"127670";"298";
"127681";"214";
"127693";"417";
"127700";"222";
"127711";"404";
"127735";"254";
"127747";"380";
"127759";"256";
"127814";"90";
"127840";"191";
"127851";"141";
"127929";"169";
"127942";"261";
"127954";"243";
"127966";"161";
"127978";"181";
"127980";"255";
"128004";"205";
"128016";"276";
"128030";"198";
"128053";"212";
"128065";"227";
"128089";"169";
"128090";"170";
"128119";"147";
"128120";"211";
"128132";"166";
"128144";"253";
"128156";"190";
"128168";"197";
"128193";"307";
"128200";"354";
"128259";"191";
"128260";"297";
"128284";"322";
"128296";"249";
"128302";"319";
"128338";"220";
"128375";"191";
"128387";"390";
"128417";"212";
"128429";"341";
"128442";"164";
"128454";"251";
"128480";"291";
"128491";"173";
"128510";"296";
"128533";"252";
"128545";"276";
"128557";"209";
"128569";"301";
"128582";"421";
"128594";"214";
"128600";"286";
"128612";"198";
"128624";"208";
"128636";"219";
"128673";"296";
"128685";"209";
"128697";"397";
"128739";"163";
"128740";"200";
"128776";"337";
"128806";"462";
"128818";"222";
"128820";"210";
"128843";"215";
"128867";"210";
"128879";"182";
"128880";"234";
"128910";"332";
"128922";"296";
"128960";"175";
"128971";"175";
"128995";"187";
"129010";"232";
"129021";"226";
"129045";"318";
"129070";"219";
"129082";"186";
"129094";"280";
"129100";"191";
"129124";"247";
"129136";"284";
"129150";"148";
"129161";"212";
"129173";"205";
"129185";"186";
"129197";"191";
"129203";"242";
"129215";"170";
"129227";"362";
"129239";"191";
"129264";"93";
"129276";"187";
"129288";"184";
"129306";"222";
"129318";"188";
"129355";"169";
"129379";"301";
"129392";"205";
"129409";"213";
"129410";"196";
"129446";"190";
"129458";"203";
"129460";"193";
"129471";"99";
"129495";"205";
"129501";"232";
"129513";"247";
"129525";"280";
"129537";"325";
"129549";"211";
"129550";"221";
"129562";"293";
"129574";"558";
"129586";"196";
"129598";"222";
"129616";"178";
"129628";"100";
"129630";"218";
"129641";"337";
"129653";"274";
"129665";"288";
"129677";"180";
"129689";"216";
"129690";"188";
"129707";"185";
"129719";"124";
"129720";"373";
"129732";"116";
"129744";"186";
"129756";"190";
"129768";"114";
"129770";"232";
"129781";"206";
"129793";"235";
"129800";"166";
"129811";"249";
"129823";"301";
"129835";"275";
"129847";"200";
"129859";"120";
"129860";"234";
"129884";"335";
"129896";"280";
"129902";"324";
"129914";"219";
"129926";"247";
"129938";"333";
"129940";"192";
"129963";"214";
"129975";"254";
"129987";"477";
"129999";"127";
"130000";"371";
"130011";"253";
"130023";"198";
"130035";"297";
"130059";"303";
"130060";"308";
"130072";"188";
"130096";"202";
"130102";"207";
"130114";"444";
"130126";"425";
"130138";"237";
"130140";"213";
"130151";"246";
"130175";"111";
"130187";"233";
"130217";"243";
"130229";"270";
"130230";"275";
"130242";"248";
"130254";"181";
"130278";"218";
"130291";"242";
"130308";"286";
"130310";"305";
"130321";"355";
"130333";"384";
"130345";"210";
"130357";"147";
"130369";"180";
"130370";"285";
"130382";"164";
"130412";"223";
"130424";"311";
"130436";"214";
"130461";"377";
"130473";"186";
"130485";"284";
"130497";"298";
"130503";"318";
"130515";"209";
"130527";"197";
"130539";"357";
"130540";"340";
"130552";"233";
"130564";"221";
"130576";"221";
"130588";"312";
"130618";"198";
"130643";"190";
"130679";"177";
"130680";"95";
"130722";"408";
"130734";"174";
"130758";"358";
"130760";"197";
"130783";"277";
"130795";"368";
"130813";"154";
"130825";"274";
"130849";"237";
"130850";"231";
"130862";"326";
"130874";"214";
"130886";"207";
"130898";"300";
"130904";"331";
"130977";"221";
"130989";"191";
"130990";"216";
"131003";"229";
"131015";"262";
"131027";"262";
"131039";"314";
"131040";"329";
"131052";"271";
"131064";"272";
"131088";"289";
"131090";"291";
"131120";"331";
"131131";"229";
"131155";"235";
"131167";"365";
"131179";"279";
"131209";"199";
"131210";"167";
"131222";"191";
"131234";"195";
"131246";"223";
"131260";"234";
"131271";"177";
"131283";"201";
"131295";"130";
"131301";"98";
"131313";"194";
"131325";"163";
"131337";"270";
"131350";"149";
"131404";"115";
"131430";"267";
"131441";"146";
"131453";"395";
"131477";"348";
"131507";"190";
"131519";"179";
"131520";"94";
"131532";"144";
"131556";"231";
"131568";"273";
"131570";"100";
"131581";"224";
"131600";"324";
"131611";"359";
"131623";"216";
"131635";"200";
"131659";"207";
"131660";"213";
"131684";"239";
"131702";"202";
"131738";"321";
"131751";"213";
"131775";"191";
"131799";"157";
"131817";"426";
"131842";"131";
"131854";"117";
"131866";"303";
"131878";"175";
"131880";"97";
"131891";"161";
"131910";"96";
"131921";"255";
"131933";"140";
"131945";"268";
"131957";"150";
"131970";"199";
"131982";"91";
"132007";"91";
"132020";"218";
"132044";"179";
"132068";"109";
"132081";"152";
"132093";"187";
"132135";"99";
"132160";"91";
"132172";"154";
"132202";"109";
"132214";"235";
"132226";"225";
"132287";"403";
"132299";"366";
"132317";"192";
"132342";"178";
"132366";"305";
"132408";"157";
"132410";"160";
"132433";"87";
"132457";"123";
"132470";"196";
"132524";"140";
"132550";"337";
"132573";"96";
"132640";"253";
"132652";"288";
"132676";"198";
"132706";"149";
"132718";"326";
"132720";"125";
"132731";"195";
"132755";"151";
"132779";"256";
"132780";"244";
"132792";"110";
"132810";"187";
"132822";"127";
"132834";"246";
"132860";"212";
"132883";"211";
"132895";"231";
"132901";"228";
"132937";"255";
"132950";"115";
"132962";"161";
"132974";"111";
"132986";"107";
"133000";"151";
"133024";"148";
"133036";"248";
"133048";"181";
"133050";"162";
"133073";"320";
"133085";"292";
"133097";"191";
"133115";"101";
"133127";"227";
"133139";"327";
"133140";"127";
"133152";"110";
"133164";"96";
"133176";"217";
"133190";"231";
"133206";"203";
"133218";"187";
"133231";"216";
"133255";"304";
"133267";"177";
"133280";"242";
"133292";"285";
"133309";"251";
"133322";"409";
"133358";"234";
"133360";"232";
"133383";"204";
"133401";"100";
"133413";"184";
"133437";"161";
"133449";"177";
"133450";"133";
"133462";"152";
"133474";"185";
"133486";"130";
"133498";"195";
"133504";"112";
"133516";"291";
"133530";"229";
"133565";"199";
"133590";"259";
"133607";"165";
"133619";"204";
"133620";"162";
"133644";"201";
"133668";"209";
"133670";"211";
"133681";"138";
"133700";"264";
"133711";"207";
"133723";"289";
"133735";"303";
"133747";"297";
"133760";"168";
"133772";"287";
"133784";"399";
"133802";"186";
"133814";"247";
"133838";"164";
"133863";"84";
"133875";"265";
"133899";"318";
"133917";"269";
"133930";"109";
"133954";"124";
"133966";"93";
"133978";"163";
"133980";"381";
"134028";"143";
"134030";"99";
"134065";"122";
"134089";"137";
"134119";"263";
"134132";"290";
"134156";"91";
"134181";"91";
"134211";"318";
"134247";"121";
"134259";"134";
"134260";"344";
"134296";"448";
"134387";"387";
"134399";"107";
"134405";"171";
"134417";"142";
"134429";"155";
"134454";"127";
"134480";"221";
"134521";"162";
"134533";"91";
"134569";"231";
"134570";"202";
"134582";"198";
"134600";"172";
"134648";"260";
"134661";"245";
"134685";"135";
"134703";"383";
"134727";"200";
"134739";"201";
"134752";"91";
"134764";"307";
"134790";"216";
"134831";"103";
"134843";"210";
"134855";"210";
"134867";"204";
"134879";"217";
"134892";"209";
"134909";"140";
"134910";"199";
"134922";"187";
"134934";"187";
"134946";"203";
"134960";"221";
"134971";"182";
"134983";"38";
"134995";"114";
"135008";"100";
"135033";"342";
"135045";"111";
"135057";"129";
"135069";"185";
"135070";"175";
"135094";"153";
"135100";"252";
"135112";"212";
"135124";"188";
"135136";"124";
"135148";"275";
"135161";"125";
"135173";"99";
"135185";"188";
"135197";"94";
"135215";"287";
"135240";"98";
"135264";"255";
"135288";"205";
"135290";"111";
"135331";"164";
"135343";"135";
"135355";"124";
"135367";"163";
"135379";"125";
"135380";"107";
"135392";"218";
"135409";"147";
"135434";"379";
"135446";"353";
"135458";"191";
"135460";"255";
"135471";"181";
"135483";"260";
"135495";"261";
"135501";"190";
"135513";"141";
"135525";"243";
"135537";"364";
"135549";"137";
"135550";"168";
"135562";"198";
"135586";"208";
"135598";"166";
"135604";"166";
"135616";"313";
"135630";"265";
"135653";"235";
"135665";"322";
"135677";"191";
"135690";"101";
"135707";"96";
"135719";"186";
"135720";"190";
"135732";"216";
"135744";"216";
"135756";"325";
"135768";"326";
"135770";"107";
"135781";"146";
"135793";"291";
"135823";"272";
"135835";"208";
"135847";"194";
"135859";"259";
"135860";"219";
"135872";"331";
"135884";"228";
"135896";"275";
"135902";"136";
"135926";"312";
"135938";"327";
"135951";"132";
"135963";"138";
"135975";"168";
"135987";"192";
"135999";"178";
"136001";"192";
"136013";"336";
"136025";"272";
"136037";"264";
"136050";"316";
"136062";"275";
"136074";"205";
"136086";"101";
"136098";"264";
"136104";"86";
"136128";"119";
"136141";"95";
"136153";"119";
"136189";"216";
"136190";"106";
"136207";"115";
"136281";"350";
"136323";"332";
"136359";"411";
"136384";"342";
"136440";"347";
"136475";"292";
"136505";"310";
"136566";"304";
"136645";"156";
"136669";"95";
"136694";"81";
"136712";"268";
"136967";"509";
"136980";"482";
"137212";"166";
"137364";"279";
"137480";"296";
"137571";"278";
"137595";"92";
"137674";"441";
"137716";"306";
"137728";"368";
"137730";"88";
"137807";"392";
"137947";"465";
"138022";"249";
"138071";"94";
"138344";"335";
"138368";"402";
"138393";"412";
"138472";"62";
"138484";"292";
"138538";"287";
"138540";"348";
"138605";"108";
"138629";"391";
"138680";"300";
"138708";"449";
"138848";"348";
"138927";"280";
"139099";"539";
"139166";"474";
"139191";"143";
"139294";"98";
"139518";"228";
"139610";"85";
"139622";"215";
"139671";"313";
"139701";"386";
"139828";"408";
"139907";"111";
"139993";"297";
"140030";"202";
"140144";"130";
"140223";"33";
"140259";"94";
"140260";"174";
"140272";"347";
"140284";"325";
"140375";"31";
"140387";"214";
"140417";"63";
"140429";"35";
"140478";"362";
"140491";"114";
"140508";"80";
"140533";"125";
"140545";"447";
"140594";"336";
"140673";"299";
"140685";"376";
"140739";"192";
"140843";"393";
"140867";"358";
"140879";"426";
"140892";"501";
"140909";"343";
"140960";"352";
"141021";"304";
"141045";"117";
"141070";"277";
"141082";"376";
"141161";"309";
"141173";"521";
"141227";"24";
"141240";"378";
"141252";"329";
"141276";"290";
"141306";"174";
"141331";"199";
"141367";"324";
"141392";"244";
"141410";"112";
"141434";"34";
"141483";"280";
"141513";"441";
"141549";"260";
"141604";"217";
"141628";"334";
"141641";"83";
"141665";"282";
"141768";"60";
"141770";"58";
"141823";"33";
"141847";"335";
"141860";"280";
"141872";"322";
"141902";"252";
"141914";"206";
"141963";"28";
"142025";"359";
"142098";"56";
"142116";"103";
"142130";"18";
"142177";"280";
"142207";"89";
"142219";"111";
"142244";"74";
"142268";"320";
"142323";"285";
"142359";"353";
"142426";"431";
"142499";"140";
"142505";"163";
"142529";"360";
"142633";"21";
"142670";"83";
"142748";"75";
"142797";"461";
"142827";"327";
"142839";"240";
"142890";"63";
"142967";"616";
"143029";"141";
"143054";"490";
"143145";"35";
"143170";"252";
"143212";"321";
"143224";"343";
"143248";"38";
"143273";"259";
"143364";"452";
"143390";"309";
"143418";"430";
"143492";"328";
"143613";"132";
"143662";"453";
"143777";"279";
"143844";"161";
"143947";"24";
"143984";"115";
"143996";"511";
"144010";"51";
"144034";"106";
"144071";"147";
"144101";"435";
"144137";"102";
"144174";"209";
"144216";"37";
"144228";"42";
"144289";"248";
"144319";"61";
"144332";"47";
"144344";"256";
"144356";"22";
"144368";"40";
"144411";"326";
"144447";"387";
"144496";"37";
"144551";"307";
"144599";"224";
"144678";"187";
"144800";"301";
"144812";"26";
"144836";"349";
"144927";"145";
"144964";"230";
"144976";"376";
"145026";"256";
"145038";"267";
"145130";"321";
"145210";"18";
"145233";"380";
"145245";"360";
"145294";"78";
"145403";"345";
"145415";"31";
"145439";"50";
"145452";"25";
"145464";"328";
"145476";"259";
"145490";"204";
"145506";"474";
"145555";"147";
"145579";"52";
"145609";"349";
"145634";"556";
"145725";"284";
"145853";"97";
"145889";"87";
"145956";"93";
"145968";"99";
"146031";"59";
"146055";"95";
"146067";"205";
"146109";"47";
"146146";"61";
"146160";"32";
"146183";"119";
"146213";"28";
"146237";"193";
"146298";"66";
"146444";"74";
"146456";"33";
"146470";"115";
"146547";"262";
"146584";"295";
"146675";"241";
"146699";"56";
"146754";"28";
"146766";"81";
"146882";"22";
"146894";"270";
"147059";"153";
"147084";"321";
"147102";"661";
"147114";"30";
"147187";"106";
"147199";"257";
"147254";"73";
"147266";"43";
"147310";"48";
"147370";"378";
"147643";"58";
"147709";"279";
"147801";"327";
"147898";"266";
"147941";"379";
"147977";"538";
"148015";"379";
"148076";"320";
"148143";"284";
"148155";"62";
"148192";"411";
"148258";"339";
"148349";"340";
"148350";"429";
"148428";"122";
"148453";"301";
"148519";"266";
"148532";"259";
"148544";"410";
"148740";"510";
"148805";"379";
"148829";"135";
"148891";"323";
"148970";"90";
"149100";"51";
"149135";"309";
"149160";"137";
"149172";"374";
"149214";"474";
"149238";"77";
"149305";"103";
"149378";"56";
"149408";"292";
"149548";"226";
"149597";"292";
"149603";"271";
"149639";"31";
"149690";"47";
"149780";"53";
"149792";"389";
"149860";"140";
"149901";"75";
"149913";"220";
"149949";"206";
"149950";"349";
"149998";"45";
"150034";"86";
"150071";"80";
"150095";"121";
"150186";"263";
"150228";"266";
"150332";"17";
"150368";"204";
"150381";"53";
"150447";"181";
"150502";"243";
"150721";"263";
"150733";"362";
"150782";"318";
"150800";"349";
"150850";"411";
"150861";"169";
"150873";"272";
"150885";"367";
"150897";"421";
"150903";"404";
"150927";"210";
"150940";"162";
"150952";"135";
"150988";"271";
"150990";"247";
"151002";"303";
"151040";"214";
"151051";"225";
"151063";"238";
"151087";"208";
"151105";"92";
"151117";"285";
"151130";"90";
"151142";"188";
"151166";"239";
"151178";"143";
"151191";"123";
"151210";"25";
"151221";"154";
"151245";"182";
"151282";"341";
"151294";"24";
"151397";"115";
"151403";"346";
"151415";"170";
"151439";"97";
"151476";"292";
"151488";"119";
"151490";"136";
"151567";"248";
"151622";"98";
"151634";"112";
"151646";"193";
"151658";"148";
"151660";"96";
"151804";"245";
"151830";"170";
"151841";"298";
"151865";"222";
"151877";"186";
"151889";"167";
"151890";"152";
"151919";"315";
"151932";"156";
"151956";"147";
"151981";"115";
"151993";"212";
"152006";"237";
"152020";"217";
"152031";"340";
"152109";"220";
"152110";"150";
"152122";"227";
"152171";"245";
"152225";"148";
"152286";"215";
"152353";"234";
"152365";"269";
"152377";"107";
"152407";"260";
"152419";"223";
"152470";"144";
"152493";"79";
"152511";"169";
"152523";"225";
"152614";"271";
"152778";"136";
"152780";"175";
"152857";"201";
"152882";"155";
"152900";"185";
"152924";"151";
"152936";"248";
"153096";"276";
"153114";"137";
"153187";"103";
"153217";"147";
"153266";"202";
"153308";"60";
"153310";"85";
"153321";"237";
"153345";"172";
"153394";"133";
"153400";"137";
"153424";"191";
"153436";"151";
"153450";"81";
"153588";"189";
"153590";"246";
"153710";"131";
"153783";"457";
"153795";"125";
"153849";"288";
"153898";"267";
"153916";"152";
"153941";"181";
"153977";"242";
"154015";"169";
"154027";"126";
"154040";"235";
"154064";"270";
"154088";"108";
"154106";"493";
"154143";"109";
"154179";"85";
"154180";"125";
"154209";"142";
"154210";"176";
"154222";"134";
"154246";"161";
"154260";"152";
"154337";"234";
"154362";"208";
"154374";"245";
"154428";"232";
"154465";"317";
"154490";"191";
"154507";"145";
"154519";"136";
"154520";"133";
"154532";"81";
"154556";"160";
"154593";"188";
"154600";"125";
"154623";"157";
"154647";"162";
"154660";"95";
"154684";"191";
"154696";"151";
"154714";"167";
"154763";"142";
"154799";"149";
"154805";"144";
"154817";"133";
"154829";"198";
"154830";"301";
"154842";"141";
"154880";"141";
"154945";"242";
"154957";"220";
"154969";"96";
"154970";"152";
"154982";"182";
"154994";"241";
"155007";"157";
"155019";"107";
"155068";"37";
"155081";"202";
"155100";"91";
"155135";"75";
"155147";"290";
"155159";"189";
"155196";"165";
"155226";"82";
"155240";"96";
"155329";"234";
"155366";"28";
"155445";"170";
"155457";"445";
"155470";"296";
"155494";"207";
"155536";"212";
"155561";"193";
"155597";"211";
"155615";"114";
"155640";"32";
"155676";"28";
"155690";"143";
"155731";"155";
"155779";"175";
"155780";"281";
"155792";"225";
"155809";"165";
"155822";"171";
"155846";"52";
"155858";"161";
"155895";"144";
"155901";"191";
"155913";"321";
"155925";"144";
"155949";"160";
"155998";"192";
"156024";"60";
"156048";"224";
"156073";"27";
"156097";"160";
"156127";"248";
"156139";"200";
"156255";"186";
"156292";"42";
"156309";"267";
"156334";"139";
"156358";"155";
"156371";"83";
"156401";"310";
"156425";"121";
"156530";"145";
"156541";"209";
"156565";"244";
"156589";"164";
"156619";"46";
"156644";"171";
"156656";"269";
"156700";"196";
"156723";"107";
"156735";"145";
"156759";"23";
"156796";"12";
"156814";"136";
"156840";"75";
"156875";"57";
"156899";"198";
"156917";"74";
"156929";"62";
"156930";"226";
"156942";"193";
"156980";"277";
"157004";"9";
"157016";"161";
"157028";"127";
"157030";"135";
"157065";"268";
"157107";"182";
"157120";"166";
"157200";"237";
"157247";"132";
"157296";"176";
"157326";"132";
"157338";"196";
"157351";"117";
"157363";"155";
"157430";"451";
"157442";"274";
"157454";"141";
"157466";"190";
"157491";"207";
"157510";"170";
"157533";"184";
"157624";"72";
"157648";"116";
"157650";"101";
"157727";"200";
"157788";"163";
"157818";"143";
"157855";"50";
"157867";"19";
"157892";"150";
"157922";"102";
"157934";"92";
"157958";"169";
"157960";"16";
"158010";"146";
"158021";"261";
"158070";"250";
"158136";"236";
"158215";"140";
"158276";"171";
"158318";"147";
"158331";"178";
"158355";"181";
"158379";"216";
"158410";"244";
"158471";"288";
"158550";"668";
"158574";"497";
"158586";"520";
"158598";"506";
"158604";"555";
"158616";"650";
"158630";"375";
"158641";"675";
"158665";"478";
"158689";"648";
"158690";"557";
"158707";"548";
"158719";"602";
"158744";"661";
"158770";"224";
"158781";"900";
"158811";"753";
"158823";"677";
"158835";"787";
"158847";"488";
"158859";"625";
"158872";"508";
"158884";"669";
"158896";"547";
"158902";"447";
"158940";"407";
"158963";"118";
"158975";"810";
"158999";"671";
"159001";"594";
"159037";"760";
"159049";"847";
"159050";"772";
"159062";"435";
"159086";"702";
"159098";"935";
"159104";"629";
"159116";"92";
"159130";"160";
"159141";"802";
"159165";"864";
"159177";"716";
"159189";"672";
"159190";"733";
"159207";"863";
"159220";"658";
"159232";"742";
"159244";"572";
"159256";"603";
"159270";"566";
"159281";"536";
"159293";"531";
"159300";"561";
"159311";"803";
"159335";"716";
"159359";"329";
"159360";"473";
"159372";"478";
"159384";"664";
"159396";"52";
"159402";"220";
"159414";"584";
"159426";"228";
"159438";"416";
"159440";"644";
"159463";"618";
"159475";"96";
"159487";"351";
"159505";"543";
"159529";"687";
"159542";"65";
"159554";"525";
"159566";"510";
"159578";"184";
"159580";"686";
"159591";"514";
"159610";"166";
"159621";"270";
"159633";"501";
"159645";"775";
"159657";"97";
"159669";"620";
"159670";"435";
"159694";"489";
"159748";"530";
"159750";"127";
"159761";"282";
"159773";"642";
"159803";"241";
"159815";"735";
"159827";"243";
"159839";"488";
"159840";"175";
"159852";"402";
"159864";"30";
"159876";"647";
"159890";"406";
"159918";"857";
"159920";"327";
"159931";"127";
"159943";"256";
"159955";"536";
"159967";"701";
"159980";"347";
"159992";"563";
"160027";"414";
"160052";"372";
"160064";"690";
"160076";"503";
"160090";"514";
"160106";"500";
"160118";"723";
"160120";"528";
"160131";"740";
"160155";"551";
"160167";"136";
"160179";"428";
"160180";"534";
"160192";"597";
"160209";"584";
"160210";"513";
"160222";"674";
"160246";"410";
"160258";"117";
"160260";"378";
"160271";"517";
"160283";"512";
"160295";"409";
"160301";"722";
"160313";"632";
"160337";"559";
"160350";"704";
"160362";"64";
"160386";"570";
"160398";"632";
"160404";"419";
"160416";"1002";
"160428";"644";
"160430";"590";
"160441";"560";
"160453";"706";
"160465";"421";
"160477";"564";
"160519";"522";
"160520";"98";
"160532";"522";
"160544";"560";
"160556";"490";
"160568";"442";
"160570";"692";
"160581";"736";
"160593";"540";
"160600";"437";
"160635";"391";
"160659";"134";
"160660";"274";
"160684";"119";
"160702";"180";
"160714";"521";
"160738";"636";
"160787";"461";
"160805";"655";
"160829";"491";
"160830";"753";
"160842";"891";
"160880";"57";
"160891";"501";
"160910";"359";
"160921";"79";
"160933";"528";
"160945";"511";
"160957";"520";
"160982";"131";
"160994";"856";
"161019";"380";
"161020";"93";
"161032";"876";
"161044";"543";
"161068";"511";
"161070";"686";
"161081";"562";
"161093";"455";
"161100";"636";
"161111";"685";
"161123";"630";
"161135";"205";
"161160";"681";
"161196";"698";
"161202";"588";
"161214";"590";
"161226";"451";
"161238";"142";
"161240";"613";
"161275";"385";
"161299";"457";
"161305";"540";
"161317";"851";
"161329";"582";
"161330";"383";
"161366";"79";
"161380";"550";
"161408";"65";
"161410";"119";
"161421";"762";
"161433";"587";
"161445";"103";
"161457";"69";
"161469";"71";
"161470";"614";
"161482";"581";
"161494";"564";
"161536";"72";
"161548";"641";
"161573";"436";
"161585";"173";
"161597";"357";
"161603";"596";
"161639";"561";
"161652";"51";
"161664";"930";
"161676";"397";
"161690";"610";
"161706";"469";
"161718";"413";
"161720";"618";
"161743";"39";
"161755";"598";
"161767";"667";
"161779";"600";
"161780";"407";
"161792";"561";
"161809";"433";
"161810";"765";
"161822";"57";
"161846";"878";
"161858";"349";
"161860";"349";
"161883";"500";
"161895";"501";
"161901";"60";
"161913";"535";
"161925";"502";
"161949";"554";
"161974";"758";
"161986";"473";
"161998";"575";
"162000";"593";
"162012";"785";
"162024";"678";
"162036";"807";
"162048";"688";
"162050";"650";
"162061";"162";
"162073";"370";
"162097";"53";
"162103";"163";
"162115";"635";
"162127";"720";
"162139";"704";
"162140";"50";
"162152";"193";
"162164";"526";
"162176";"106";
"162188";"492";
"162190";"539";
"162206";"487";
"162218";"661";
"162220";"450";
"162231";"411";
"162243";"159";
"162279";"48";
"162280";"81";
"162292";"453";
"162309";"425";
"162310";"569";
"162322";"657";
"162334";"486";
"162383";"111";
"162395";"57";
"162401";"163";
"162425";"411";
"162437";"550";
"162450";"589";
"162462";"528";
"162474";"98";
"162486";"88";
"162498";"318";
"162504";"404";
"162516";"248";
"162528";"422";
"162530";"709";
"162541";"49";
"162565";"335";
"162577";"516";
"162589";"938";
"162590";"66";
"162607";"646";
"162619";"118";
"162620";"119";
"162656";"719";
"162681";"541";
"162711";"650";
"162735";"832";
"162747";"437";
"162760";"845";
"162784";"541";
"162796";"572";
"162814";"745";
"162826";"537";
"162840";"531";
"162851";"541";
"162863";"689";
"162875";"562";
"162887";"459";
"162899";"589";
"162917";"166";
"162929";"294";
"162930";"584";
"162966";"106";
"162978";"569";
"162980";"677";
"162991";"611";
"163004";"758";
"163016";"239";
"163028";"572";
"163030";"497";
"163041";"499";
"163053";"600";
"163065";"564";
"163077";"700";
"163089";"672";
"163090";"552";
"163107";"478";
"163119";"523";
"163120";"364";
"163132";"229";
"163144";"681";
"163156";"536";
"163168";"77";
"163193";"117";
"163200";"63";
"163211";"609";
"163235";"393";
"163247";"552";
"163259";"111";
"163260";"579";
"163284";"145";
"163302";"46";
"163314";"465";
"163326";"778";
"163340";"530";
"163351";"555";
"163363";"616";
"163375";"958";
"163399";"308";
"163405";"514";
"163430";"703";
"163442";"462";
"163454";"360";
"163480";"483";
"163491";"530";
"163508";"434";
"163510";"449";
"163521";"621";
"163557";"213";
"163569";"303";
"163570";"54";
"163582";"305";
"163594";"232";
"163600";"596";
"163612";"91";
"163636";"74";
"163648";"382";
"163650";"189";
"163673";"209";
"163685";"558";
"163697";"494";
"163715";"113";
"163727";"456";
"163739";"493";
"163740";"434";
"163764";"515";
"163776";"488";
"163788";"392";
"163790";"333";
"163806";"345";
"163820";"247";
"163831";"475";
"163843";"413";
"163880";"171";
"163909";"258";
"163922";"628";
"163934";"366";
"163958";"219";
"163960";"244";
"163971";"512";
"163983";"369";
"164021";"301";
"164033";"500";
"164045";"817";
"164094";"382";
"164100";"1298";
"164112";"482";
"164124";"1484";
"164136";"1678";
"164148";"1473";
"164150";"377";
"164161";"1378";
"164173";"438";
"164185";"1544";
"164197";"1445";
"164203";"1555";
"164215";"582";
"164227";"916";
"164239";"1359";
"164240";"1110";
"164252";"784";
"164264";"1019";
"164276";"1236";
"164290";"1303";
"164306";"879";
"164318";"927";
"164320";"1230";
"164343";"743";
"164355";"966";
"164379";"1008";
"164380";"1124";
"164392";"963";
"164409";"882";
"164434";"967";
"164446";"718";
"164458";"993";
"164460";"1213";
"164471";"745";
"164483";"673";
"164495";"918";
"164501";"660";
"164513";"979";
"164525";"762";
"164537";"738";
"164549";"1055";
"164586";"1038";
"164598";"796";
"164604";"765";
"164616";"1238";
"164641";"738";
"164665";"915";
"164677";"864";
"164707";"946";
"164719";"1263";
"164720";"544";
"164732";"657";
"164744";"603";
"164756";"619";
"164770";"1093";
"164781";"842";
"164793";"893";
"164800";"1009";
"164811";"916";
"164835";"518";
"164847";"858";
"164859";"724";
"164860";"1277";
"164872";"861";
"164884";"663";
"164896";"802";
"164902";"929";
"164914";"819";
"164926";"932";
"164938";"854";
"164940";"458";
"164951";"728";
"164963";"462";
"164975";"1030";
"164987";"677";
"164999";"716";
"165001";"1100";
"165013";"1090";
"165037";"992";
"165049";"635";
"165050";"812";
"165062";"822";
"165086";"613";
"165098";"881";
"165104";"1085";
"165116";"904";
"165128";"876";
"165130";"979";
"165141";"903";
"165153";"1091";
"165165";"978";
"165189";"839";
"165190";"952";
"165207";"839";
"165219";"816";
"165220";"1194";
"165244";"1095";
"165256";"701";
"165268";"674";
"165270";"992";
"165281";"713";
"165293";"694";
"165300";"920";
"165311";"677";
"165335";"870";
"165347";"971";
"165359";"873";
"165360";"769";
"165372";"1025";
"165384";"1509";
"165396";"1121";
"165402";"1062";
"165414";"792";
"165438";"710";
"165451";"905";
"165463";"856";
"165475";"695";
"165487";"753";
"165505";"728";
"165517";"896";
"165529";"920";
"165530";"820";
"165542";"870";
"165554";"803";
"165566";"970";
"165578";"785";
"165580";"634";
"165591";"748";
"165608";"969";
"165621";"714";
"165633";"650";
"165645";"675";
"165657";"716";
"165669";"852";
"165670";"710";
"165682";"736";
"165694";"770";
"165700";"726";
"165712";"942";
"165724";"1126";
"165736";"975";
"165748";"826";
"165750";"1015";
"165761";"945";
"165773";"1261";
"165785";"1213";
"165797";"1077";
"165803";"634";
"165815";"739";
"165827";"775";
"165839";"710";
"165852";"903";
"165864";"1035";
"165876";"792";
"165888";"1000";
"165906";"686";
"165918";"778";
"165920";"552";
"165931";"769";
"165955";"689";
"165979";"984";
"165980";"793";
"165992";"639";
"166005";"1147";
"166017";"882";
"166029";"998";
"166030";"757";
"166054";"913";
"166066";"853";
"166078";"833";
"166080";"913";
"166091";"790";
"166110";"907";
"166121";"971";
"166133";"682";
"166145";"1047";
"166157";"1039";
"166169";"1402";
"166182";"1111";
"166194";"1636";
"166200";"812";
"166212";"709";
"166224";"1114";
"166236";"923";
"166248";"745";
"166250";"947";
"166261";"720";
"166273";"862";
"166297";"545";
"166315";"728";
"166327";"778";
"166339";"761";
"166340";"951";
"166352";"952";
"166364";"1167";
"166376";"815";
"166388";"574";
"166390";"735";
"166406";"749";
"166418";"637";
"166420";"721";
"166431";"721";
"166443";"783";
"166455";"727";
"166467";"1208";
"166479";"996";
"166480";"903";
"166492";"745";
"166546";"757";
"166558";"844";
"166560";"1018";
"166583";"774";
"166595";"897";
"166601";"984";
"166613";"977";
"166625";"774";
"166637";"642";
"166649";"1192";
"166650";"1006";
"166662";"840";
"166686";"1110";
"166698";"704";
"166704";"920";
"166716";"971";
"166728";"1049";
"166730";"782";
"166741";"1956";
"166753";"862";
"166765";"978";
"166777";"840";
"166789";"664";
"166790";"1012";
"166807";"924";
"166819";"734";
"166820";"732";
"166832";"622";
"166844";"684";
"166856";"749";
"166868";"454";
"166870";"907";
"166881";"988";
"166893";"1046";
"166900";"1003";
"166911";"945";
"166923";"1391";
"166935";"1212";
"166947";"540";
"166959";"1497";
"166960";"579";
"166996";"613";
"167009";"1102";
"167010";"956";
"167022";"980";
"167034";"875";
"167046";"863";
"167058";"711";
"167060";"1092";
"167071";"797";
"167083";"651";
"167095";"979";
"167101";"707";
"167113";"909";
"167125";"750";
"167137";"868";
"167149";"1138";
"167150";"1019";
"167162";"418";
"167186";"975";
"167198";"721";
"167204";"1277";
"167216";"880";
"167228";"1059";
"167241";"1015";
"167253";"928";
"167265";"910";
"167277";"970";
"167289";"717";
"167290";"846";
"167307";"713";
"167319";"601";
"167320";"662";
"167332";"1094";
"167344";"599";
"167356";"956";
"167368";"770";
"167370";"1013";
"167381";"579";
"167393";"1195";
"167400";"660";
"167411";"871";
"167423";"865";
"167435";"702";
"167447";"1022";
"167459";"757";
"167460";"645";
"167472";"760";
"167484";"823";
"167496";"800";
"167502";"638";
"167514";"919";
"167526";"481";
"167538";"699";
"167540";"1069";
"167551";"582";
"167563";"854";
"167575";"618";
"167587";"974";
"167599";"695";
"167605";"1571";
"167629";"1164";
"167630";"1060";
"167642";"909";
"167654";"672";
"167666";"765";
"167678";"757";
"167680";"760";
"167691";"1338";
"167708";"954";
"167710";"643";
"167721";"1045";
"167733";"640";
"167745";"922";
"167757";"635";
"167770";"762";
"167782";"536";
"167794";"623";
"167800";"753";
"167812";"621";
"167824";"730";
"167836";"1191";
"167848";"796";
"167850";"905";
"167861";"688";
"167873";"541";
"167885";"879";
"167897";"933";
"167903";"905";
"167915";"960";
"167927";"639";
"167939";"1108";
"167940";"638";
"167952";"717";
"167976";"714";
"167988";"995";
"167990";"791";
"168002";"779";
"168014";"875";
"168026";"714";
"168038";"883";
"168040";"265";
"168051";"757";
"168063";"631";
"168075";"726";
"168087";"1476";
"168099";"766";
"168105";"607";
"168117";"700";
"168129";"578";
"168130";"781";
"168142";"669";
"168154";"433";
"168166";"730";
"168178";"641";
"168180";"755";
"168191";"716";
"168208";"697";
"168210";"1218";
"168221";"1040";
"168233";"773";
"168245";"960";
"168257";"1177";
"168269";"832";
"168270";"799";
"168282";"946";
"168294";"941";
"168312";"788";
"168336";"735";
"168348";"729";
"168350";"1021";
"168361";"854";
"168373";"724";
"168385";"746";
"168397";"925";
"168403";"1001";
"168415";"712";
"168427";"791";
"168439";"647";
"168440";"829";
"168452";"1066";
"168464";"826";
"168476";"746";
"168488";"648";
"168490";"763";
"168506";"879";
"168518";"1002";
"168520";"955";
"168531";"835";
"168543";"1002";
"168555";"974";
"168567";"1018";
"168579";"951";
"168580";"629";
"168592";"916";
"168610";"968";
"168622";"1035";
"168634";"677";
"168646";"805";
"168658";"891";
"168660";"776";
"168683";"777";
"168695";"859";
"168701";"614";
"168713";"794";
"168725";"760";
"168737";"712";
"168749";"991";
"168750";"1100";
"168762";"931";
"168774";"738";
"168786";"900";
"168798";"748";
"168804";"940";
"168816";"686";
"168828";"867";
"168830";"77";
"168853";"887";
"168865";"733";
"168877";"777";
"168889";"824";
"168890";"613";
"168907";"733";
"168920";"985";
"168932";"855";
"168944";"1167";
"168956";"1110";
"168970";"916";
"168981";"857";
"168993";"1166";
"169006";"906";
"169018";"694";
"169020";"1295";
"169031";"826";
"169043";"928";
"169055";"766";
"169067";"493";
"169079";"746";
"169080";"561";
"169092";"980";
"169109";"1488";
"169110";"751";
"169122";"1003";
"169134";"1048";
"169158";"936";
"169160";"846";
"169171";"920";
"169183";"836";
"169213";"955";
"169225";"852";
"169237";"732";
"169249";"981";
"169250";"936";
"169274";"1020";
"169286";"1118";
"169298";"904";
"169304";"934";
"169316";"1017";
"169328";"1018";
"169330";"921";
"169341";"718";
"169353";"884";
"169390";"1156";
"169407";"920";
"169419";"910";
"169420";"891";
"169456";"924";
"169468";"1016";
"169470";"516";
"169481";"675";
"169493";"802";
"169511";"842";
"169523";"633";
"169559";"722";
"169560";"751";
"169572";"550";
"169584";"958";
"169596";"922";
"169602";"648";
"169614";"764";
"169626";"983";
"169638";"939";
"169640";"961";
"169663";"932";
"169675";"715";
"169687";"695";
"169699";"764";
"169705";"764";
"169717";"696";
"169729";"767";
"169730";"920";
"169754";"945";
"169766";"792";
"169778";"905";
"169780";"878";
"169791";"620";
"169808";"641";
"169810";"854";
"169833";"676";
"169845";"671";
"169857";"720";
"169882";"157";
"169894";"805";
"169900";"644";
"169912";"788";
"169924";"740";
"169948";"493";
"169950";"1026";
"169961";"915";
"169973";"913";
"169985";"802";
"169997";"870";
"170008";"938";
"170010";"792";
"170021";"730";
"170033";"655";
"170069";"765";
"170070";"845";
"170082";"783";
"170094";"668";
"170112";"1189";
"170124";"716";
"170136";"620";
"170148";"838";
"170150";"699";
"170161";"483";
"170173";"716";
"170197";"695";
"170203";"676";
"170215";"620";
"170227";"740";
"170239";"534";
"170240";"705";
"170252";"832";
"170264";"852";
"170276";"947";
"170290";"647";
"170306";"486";
"170318";"790";
"170320";"687";
"170331";"720";
"170343";"612";
"170367";"771";
"170379";"704";
"170380";"663";
"170392";"900";
"170409";"801";
"170410";"1056";
"170422";"685";
"170434";"850";
"170446";"691";
"170458";"807";
"170460";"866";
"170471";"915";
"170483";"538";
"170495";"387";
"170501";"650";
"170513";"273";
"170537";"409";
"170562";"492";
"170574";"704";
"170586";"771";
"170598";"487";
"170604";"492";
"170628";"327";
"170630";"268";
"170641";"275";
"170653";"209";
"170665";"496";
"170677";"355";
"170689";"366";
"170690";"259";
"170720";"465";
"170732";"1122";
"170768";"3814";
"170770";"1960";
"170781";"2862";
"170793";"2841";
"170926";"103";
"170963";"655";
"170975";"622";
"171529";"2540";
"171566";"1903";
"171578";"3014";
"171580";"143";
"171591";"1587";
"171608";"1977";
"171621";"981";
"171633";"1414";
"171645";"1988";
"171657";"1928";
"171827";"2484";
"171839";"187";
"171943";"390";
"171955";"314";
"172182";"2842";
"172194";"2168";
"172200";"2591";
"172212";"2555";
"172224";"1229";
"172236";"1515";
"172250";"1458";
"172420";"678";
"172455";"2423";
"172467";"2281";
"172509";"1411";
"172510";"2123";
"172662";"640";
"172686";"1834";
"172698";"2786";
"172728";"2186";
"172741";"1184";
"172935";"1504";
"172947";"722";
"172959";"1457";
"172972";"1003";
"172996";"1605";
"173009";"1454";
"173101";"1143";
"173113";"452";
"173125";"1656";
"173137";"1056";
"173162";"1654";
"173174";"2259";
"173186";"2382";
"173198";"1533";
"173216";"330";
"173423";"2537";
"173472";"2327";
"173551";"1950";
"173563";"1758";
"173575";"1810";
"173599";"599";
"173654";"1419";
"173691";"841";
"173708";"2422";
"173757";"2298";
"173782";"1424";
"173794";"3310";
"173897";"2401";
"173988";"130";
"173990";"5096";
"174002";"395";
"174075";"2352";
"174087";"1105";
"174105";"1857";
"174180";"378";
"174210";"3325";
"174518";"3487";
"174520";"2392";
"174543";"2759";
"174555";"104";
"174580";"2016";
"174592";"2651";
"174970";"3655";
"175006";"151";
"175018";"2159";
"175020";"1309";
"175031";"1789";
"175043";"1941";
"175055";"2414";
"175067";"1514";
"175092";"1571";
"175122";"2382";
"175134";"2866";
"175225";"2947";
"175274";"1712";
"175316";"1106";
"175390";"655";
"175407";"619";
"175420";"992";
"175456";"2227";
"175493";"542";
"175500";"1531";
"175560";"1530";
"175572";"1836";
"175584";"43";
"175626";"564";
"175651";"2708";
"175663";"2066";
"175780";"1006";
"175791";"2371";
"175808";"1367";
"175833";"2693";
"175882";"89";
"175894";"2561";
"175924";"123";
"175936";"836";
"175948";"2690";
"175985";"2659";
"175997";"2218";
"176000";"2194";
"176011";"2056";
"176047";"2129";
"176059";"2393";
"176138";"76";
"176254";"1534";
"176280";"2389";
"176382";"2465";
"176485";"1256";
"176539";"1973";
"176540";"1481";
"176552";"1557";
"176590";"2486";
"176620";"2158";
"176643";"1521";
"176692";"1813";
"176709";"2096";
"176722";"389";
"176760";"2182";
"176783";"2480";
"176795";"2557";
"176990";"401";
"177027";"1615";
"177040";"2931";
"177052";"2987";
"177064";"2300";
"177076";"1250";
"177088";"2788";
"177090";"527";
"177143";"766";
"177301";"859";
"177313";"4376";
"177362";"364";
"177430";"294";
"177441";"2408";
"177453";"1161";
"177465";"486";
"177507";"2355";
"177532";"287";
"177556";"1161";
"177568";"2905";
"177635";"73";
"177659";"2814";
"177672";"243";
"177684";"1559";
"177696";"840";
"177702";"1473";
"177763";"1370";
"177787";"2558";
"177830";"118";
"177933";"1689";
"178019";"2178";
"178020";"2207";
"178068";"2503";
"178070";"2259";
"178093";"410";
"178147";"2296";
"178159";"1251";
"178196";"51";
"178202";"257";
"178214";"2226";
"178410";"68";
"178494";"427";
"178690";"172";
"178718";"2136";
"178792";"1418";
"178822";"1517";
"178871";"98";
"178883";"297";
"178895";"305";
"178913";"1956";
"178950";"2732";
"178962";"199";
"179048";"2411";
"179050";"1328";
"179152";"2295";
"179292";"3180";
"179309";"590";
"179310";"2272";
"179334";"766";
"179346";"1352";
"179383";"475";
"179516";"291";
"179530";"840";
"179577";"1660";
"179589";"2003";
"179607";"217";
"179620";"1749";
"179632";"2183";
"179668";"65";
"179670";"1705";
"179681";"2395";
"179693";"2332";
"179700";"1966";
"179930";"2963";
"179942";"2834";
"179954";"137";
"179966";"2832";
"179978";"1854";
"179980";"334";
"179991";"2321";
"180014";"363";
"180040";"1992";
"180051";"2694";
"180087";"81";
"180439";"1580";
"180440";"1752";
"180452";"2200";
"180464";"77";
"180490";"1569";
"180506";"2252";
"180518";"1905";
"180520";"1552";
"180531";"499";
"180658";"1923";
"180695";"350";
"180701";"241";
"180713";"3083";
"180798";"2221";
"180804";"1879";
"180889";"1675";
"180919";"353";
"181020";"1638";
"181031";"1425";
"181043";"2761";
"181122";"1236";
"181249";"771";
"181274";"236";
"181286";"2356";
"181365";"1557";
"181390";"1502";
"181420";"522";
"181500";"2220";
"181511";"490";
"181640";"625";
"181663";"3114";
"181742";"654";
"181778";"747";
"181808";"2291";
"181870";"3501";
"181948";"4457";
"181973";"3351";
"181985";"1571";
"182140";"2514";
"182151";"241";
"182242";"1417";
"182254";"2051";
"182266";"2302";
"182278";"731";
"183003";"291";
"183027";"166";
"183040";"1008";
"183052";"694";
"183064";"148";
"183076";"1360";
"183088";"409";
"183090";"77";
"183106";"722";
"183118";"293";
"183120";"25";
"183131";"148";
"183143";"147";
"183167";"839";
"183180";"143";
"183210";"131";
"183222";"132";
"183246";"361";
"183258";"66";
"183260";"728";
"183271";"274";
"183283";"1419";
"183301";"444";
"183313";"305";
"183337";"282";
"183349";"322";
"183350";"157";
"183386";"259";
"183398";"181";
"183404";"186";
"183416";"185";
"183428";"70";
"183430";"149";
"183453";"29";
"183465";"243";
"183477";"132";
"183490";"263";
"183519";"191";
"183520";"194";
"183532";"765";
"183544";"49";
"183568";"984";
"183593";"361";
"183623";"226";
"183635";"324";
"183647";"164";
"183659";"171";
"183660";"121";
"183684";"648";
"183696";"105";
"183702";"119";
"183714";"554";
"183726";"1866";
"183738";"1322";
"183740";"847";
"183751";"280";
"183763";"153";
"183775";"732";
"183787";"1019";
"183799";"84";
"183817";"100";
"183830";"203";
"183842";"286";
"183854";"357";
"183878";"215";
"183880";"262";
"183891";"156";
"183908";"157";
"183910";"1184";
"183921";"222";
"183957";"603";
"183970";"299";
"183994";"37";
"184019";"1453";
"184032";"65";
"184044";"93";
"184056";"204";
"184093";"413";
"184100";"186";
"184111";"258";
"184123";"3765";
"184135";"134";
"184147";"439";
"184159";"879";
"184160";"341";
"184184";"207";
"184214";"482";
"184238";"178";
"184240";"501";
"184251";"55";
"184263";"220";
"184275";"177";
"184287";"1600";
"184299";"526";
"184305";"269";
"184342";"1310";
"184366";"494";
"184380";"1113";
"184408";"98";
"184421";"152";
"184445";"234";
"184457";"401";
"184500";"340";
"184512";"587";
"184524";"82";
"184536";"266";
"184548";"435";
"184550";"446";
"184573";"145";
"184585";"169";
"184597";"163";
"184603";"290";
"184615";"583";
"184627";"247";
"184639";"144";
"184640";"1094";
"184652";"557";
"184664";"915";
"184676";"713";
"184688";"757";
"184690";"903";
"184706";"1415";
"184731";"768";
"184743";"396";
"184767";"285";
"184809";"231";
"184810";"58";
"184834";"297";
"184846";"265";
"184858";"863";
"184860";"281";
"184871";"541";
"184883";"388";
"184895";"226";
"184913";"1231";
"184925";"294";
"184937";"1402";
"184949";"332";
"184950";"285";
"184962";"170";
"184974";"221";
"184986";"169";
"184998";"188";
"185000";"206";
"185012";"213";
"185024";"171";
"185036";"25";
"185048";"91";
"185050";"56";
"185073";"169";
"185097";"228";
"185127";"970";
"185139";"222";
"185140";"272";
"185152";"220";
"185176";"1302";
"185188";"1061";
"185190";"1122";
"185206";"117";
"185218";"798";
"185220";"554";
"185231";"318";
"185243";"175";
"185255";"1203";
"185267";"1256";
"185279";"240";
"185292";"214";
"185309";"195";
"185310";"1338";
"185322";"977";
"185334";"137";
"185346";"207";
"185360";"772";
"185371";"214";
"185383";"378";
"185413";"398";
"185425";"123";
"185437";"813";
"185449";"215";
"185450";"232";
"185462";"112";
"185486";"270";
"185498";"164";
"185504";"166";
"185528";"295";
"185530";"68";
"185541";"268";
"185553";"248";
"185565";"145";
"185607";"846";
"185619";"223";
"185620";"172";
"185656";"67";
"185668";"194";
"185681";"191";
"185693";"226";
"185711";"708";
"185723";"240";
"185735";"170";
"185747";"314";
"185759";"203";
"185760";"394";
"185772";"1358";
"185796";"152";
"185802";"457";
"185814";"349";
"185826";"407";
"185840";"57";
"185851";"372";
"185863";"478";
"185875";"815";
"185887";"77";
"185899";"162";
"185905";"163";
"185917";"157";
"185929";"289";
"185930";"128";
"185978";"153";
"185991";"73";
"186004";"1042";
"186016";"627";
"186028";"376";
"186030";"198";
"186041";"60";
"186065";"114";
"186089";"224";
"186090";"128";
"186107";"225";
"186119";"286";
"186120";"312";
"186132";"51";
"186144";"149";
"186156";"127";
"186168";"207";
"186170";"132";
"186181";"199";
"186211";"209";
"186223";"76";
"186235";"151";
"186259";"420";
"186272";"124";
"186284";"269";
"186302";"162";
"186314";"159";
"186338";"237";
"186351";"70";
"186363";"283";
"186375";"1109";
"186387";"162";
"186405";"156";
"186417";"111";
"186429";"61";
"186430";"528";
"186442";"498";
"186454";"1319";
"186478";"197";
"186480";"202";
"186491";"183";
"186508";"294";
"186510";"210";
"186533";"351";
"186545";"318";
"186557";"102";
"186569";"110";
"186582";"236";
"186594";"164";
"186600";"100";
"186612";"209";
"186636";"399";
"186648";"144";
"186650";"26";
"186661";"397";
"186685";"319";
"186697";"134";
"186715";"129";
"186727";"154";
"186739";"107";
"186740";"1204";
"186788";"766";
"186806";"88";
"186831";"804";
"186879";"150";
"186909";"263";
"186910";"2581";
"186922";"39";
"186946";"272";
"186958";"211";
"186960";"586";
"186971";"112";
"186983";"2385";
"186995";"75";
"187008";"629";
"187010";"169";
"187021";"555";
"187033";"157";
"187045";"137";
"187057";"33";
"187069";"47";
"187070";"563";
"187094";"156";
"187100";"43";
"187112";"9";
"187148";"107";
"187150";"304";
"187161";"3139";
"187173";"630";
"187185";"881";
"187197";"136";
"187203";"110";
"187215";"670";
"187227";"181";
"187239";"74";
"187264";"143";
"187288";"596";
"187306";"523";
"187320";"23";
"187331";"2174";
"187343";"180";
"187367";"391";
"187379";"1793";
"187392";"387";
"187409";"396";
"187410";"486";
"187422";"362";
"187434";"242";
"187446";"3122";
"187458";"152";
"187460";"75";
"187471";"230";
"187483";"48";
"187513";"155";
"187525";"197";
"187537";"1910";
"187549";"1236";
"187550";"194";
"187562";"135";
"187574";"224";
"187598";"202";
"187604";"444";
"187616";"1888";
"187628";"163";
"187630";"463";
"187641";"356";
"187653";"55";
"187665";"166";
"187677";"336";
"187689";"2914";
"187690";"3032";
"187707";"2301";
"187719";"108";
"187720";"44";
"187744";"144";
"187756";"88";
"187770";"1311";
"187781";"1411";
"187793";"1425";
"187811";"254";
"187823";"149";
"187847";"1497";
"187859";"255";
"187860";"90";
"187872";"722";
"187884";"9";
"187896";"145";
"187902";"1043";
"187926";"295";
"187940";"41";
"187963";"184";
"187975";"115";
"187999";"348";
"188001";"702";
"188013";"35";
"188025";"248";
"188037";"155";
"188049";"1750";
"188050";"1275";
"188062";"86";
"188086";"2364";
"188098";"1072";
"188104";"1591";
"188128";"1187";
"188130";"401";
"188141";"1154";
"188153";"903";
"188165";"1193";
"188177";"1067";
"188189";"1025";
"188190";"1036";
"188207";"1058";
"188219";"1395";
"188220";"866";
"188232";"1267";
"188256";"255";
"188268";"283";
"188293";"1327";
"188300";"1341";
"188311";"1389";
"188335";"202";
"188359";"143";
"188360";"131";
"188372";"87";
"188396";"1892";
"188402";"107";
"188414";"168";
"188426";"44";
"188451";"600";
"188463";"143";
"188475";"1683";
"188487";"275";
"188499";"1331";
"188517";"968";
"188529";"55";
"188530";"144";
"188554";"268";
"188566";"124";
"188578";"203";
"188580";"370";
"188591";"409";
"188608";"102";
"188610";"2172";
"188621";"2717";
"188633";"130";
"188645";"74";
"188669";"1406";
"188682";"157";
"188700";"1234";
"188712";"964";
"188724";"2334";
"188736";"1293";
"188748";"922";
"188761";"146";
"188785";"35";
"188797";"28";
"188803";"857";
"188815";"45";
"188827";"1167";
"188839";"1267";
"188864";"182";
"188876";"770";
"188888";"1268";
"188890";"1237";
"188906";"23";
"188918";"47";
"188920";"89";
"188931";"109";
"188943";"165";
"188955";"28";
"188967";"22";
"188979";"146";
"188980";"434";
"188992";"105";
"189005";"487";
"189017";"772";
"189030";"104";
"189054";"94";
"189066";"927";
"189078";"992";
"189080";"1459";
"189108";"1084";
"189110";"845";
"189121";"1258";
"189133";"1212";
"189145";"1233";
"189157";"229";
"189169";"185";
"189170";"1232";
"189194";"1074";
"189200";"94";
"189212";"52";
"189224";"53";
"189236";"218";
"189248";"165";
"189250";"1209";
"189261";"1307";
"189273";"1240";
"189285";"1148";
"189297";"1310";
"189303";"1287";
"189315";"1009";
"189339";"957";
"189340";"362";
"189352";"78";
"189388";"189";
"189390";"1143";
"189406";"1532";
"189418";"191";
"189420";"1789";
"189431";"3344";
"189443";"417";
"189455";"236";
"189467";"182";
"189479";"358";
"189480";"1385";
"189509";"854";
"189510";"125";
"189522";"953";
"189534";"247";
"189546";"56";
"189558";"1264";
"189560";"1260";
"189571";"1304";
"189583";"1289";
"189595";"1007";
"189601";"1108";
"189637";"300";
"189649";"190";
"189650";"520";
"189662";"95";
"189674";"65";
"189686";"965";
"189698";"1017";
"189716";"121";
"189728";"301";
"189730";"1468";
"189741";"139";
"189753";"364";
"189765";"238";
"189789";"361";
"189807";"1243";
"189819";"1011";
"189820";"1172";
"189832";"972";
"189844";"1248";
"189856";"1335";
"189868";"962";
"189870";"1013";
"189881";"356";
"189911";"991";
"189923";"1423";
"189935";"1369";
"189947";"1324";
"189959";"860";
"189960";"884";
"189984";"938";
"189996";"913";
"190007";"1182";
"190019";"1118";
"190020";"1206";
"190032";"1110";
"190044";"266";
"190070";"891";
"190081";"1345";
"190093";"1115";
"190100";"258";
"190111";"180";
"190123";"139";
"190135";"408";
"190159";"173";
"190160";"195";
"190172";"68";
"190196";"201";
"190202";"107";
"190214";"126";
"190238";"1452";
"190240";"198";
"190251";"1247";
"190263";"1553";
"190275";"660";
"190287";"1006";
"190299";"200";
"190317";"1178";
"190330";"921";
"190354";"1475";
"190378";"851";
"190380";"383";
"190391";"98";
"190408";"320";
"190410";"1122";
"190433";"2100";
"190445";"1955";
"190457";"1721";
"190469";"172";
"190470";"401";
"190482";"572";
"190494";"480";
"190512";"200";
"190524";"1202";
"190550";"708";
"190561";"61";
"190573";"163";
"190615";"551";
"190627";"285";
"190639";"581";
"190652";"801";
"190664";"1263";
"190676";"700";
"190688";"1275";
"190706";"1067";
"190718";"858";
"190720";"919";
"190731";"334";
"190743";"991";
"190755";"3564";
"190767";"3133";
"190779";"1066";
"190780";"155";
"190792";"71";
"190809";"1260";
"190810";"460";
"190834";"94";
"190846";"1262";
"190858";"76";
"190860";"316";
"190871";"1299";
"190895";"907";
"190901";"428";
"190913";"1524";
"190949";"1129";
"190950";"208";
"190962";"605";
"190974";"169";
"190986";"968";
"190998";"1030";
"191000";"1299";
"191012";"1344";
"191024";"1207";
"191036";"1115";
"191048";"443";
"191050";"292";
"191061";"154";
"191073";"489";
"191085";"118";
"191097";"116";
"191103";"897";
"191115";"43";
"191127";"76";
"191139";"554";
"191140";"897";
"191176";"87";
"191188";"915";
"191190";"989";
"191206";"202";
"191218";"326";
"191220";"96";
"191231";"927";
"191243";"771";
"191267";"213";
"191280";"1853";
"191292";"3666";
"191309";"2177";
"191310";"917";
"191322";"1122";
"191334";"1007";
"191358";"596";
"191360";"153";
"191383";"1027";
"191395";"896";
"191401";"1240";
"191425";"640";
"191437";"88";
"191449";"239";
"191474";"998";
"191486";"853";
"191504";"957";
"191516";"176";
"191528";"397";
"191530";"505";
"191541";"454";
"191553";"1230";
"191577";"108";
"191589";"872";
"191590";"199";
"191619";"94";
"191620";"182";
"191632";"233";
"191644";"1114";
"191668";"983";
"191670";"147";
"191693";"863";
"191700";"1009";
"191711";"874";
"191723";"189";
"191735";"246";
"191747";"55";
"191759";"100";
"191760";"385";
"191772";"2700";
"191784";"2365";
"191796";"3131";
"191802";"179";
"191814";"80";
"191826";"794";
"191838";"132";
"191851";"1091";
"191863";"929";
"191875";"764";
"191887";"404";
"191899";"376";
"191905";"246";
"191917";"935";
"191929";"1146";
"191930";"1126";
"191942";"1191";
"191966";"386";
"191980";"375";
"192016";"63";
"192028";"265";
"192030";"150";
"192041";"258";
"192053";"677";
"192065";"349";
"192089";"193";
"192090";"734";
"192107";"739";
"192119";"1058";
"192132";"1173";
"192144";"936";
"192156";"418";
"192168";"673";
"192170";"223";
"192193";"1210";
"192200";"97";
"192211";"972";
"192223";"612";
"192235";"1931";
"192247";"1872";
"192259";"1169";
"192260";"174";
"192272";"322";
"192284";"221";
"192296";"422";
"192302";"223";
"192326";"701";
"192338";"0";
"192340";"211";
"192387";"67";
"192399";"121";
"192405";"662";
"192429";"162";
"192442";"4329";
"192454";"2150";
"192480";"323";
"192491";"939";
"192508";"689";
"192510";"114";
"192533";"159";
"192545";"604";
"192557";"36";
"192569";"169";
"192570";"380";
"192582";"342";
"192594";"135";
"192600";"705";
"192612";"268";
"192624";"1324";
"192636";"86";
"192648";"106";
"192650";"204";
"192661";"745";
"192673";"286";
"192685";"862";
"192715";"309";
"192739";"1441";
"192740";"224";
"192752";"851";
"192776";"882";
"192806";"1382";
"192818";"258";
"192820";"766";
"192831";"411";
"192843";"433";
"192867";"138";
"192879";"285";
"192880";"213";
"192892";"96";
"192909";"207";
"192910";"228";
"192922";"66";
"192934";"2621";
"192946";"2045";
"192983";"205";
"193008";"2616";
"193010";"603";
"193021";"132";
"193033";"974";
"193045";"107";
"193057";"252";
"193069";"26";
"193070";"193";
"193082";"249";
"193094";"119";
"193100";"136";
"193112";"380";
"193124";"28";
"193136";"203";
"193148";"198";
"193150";"417";
"193161";"245";
"193173";"235";
"193185";"161";
"193197";"183";
"193203";"282";
"193227";"904";
"193240";"1376";
"193252";"1024";
"193276";"193";
"193290";"1086";
"193306";"208";
"193318";"115";
"193320";"119";
"193331";"258";
"193355";"983";
"193367";"245";
"193379";"980";
"193380";"222";
"193392";"40";
"193409";"157";
"193410";"694";
"193422";"272";
"193434";"203";
"193458";"1257";
"193483";"245";
"193495";"908";
"193501";"1091";
"193513";"670";
"193525";"164";
"193537";"751";
"193549";"102";
"193550";"838";
"193562";"249";
"193574";"370";
"193586";"1117";
"193598";"183";
"193630";"1325";
"193641";"882";
"193653";"114";
"193665";"674";
"193677";"90";
"193689";"208";
"193690";"192";
"193719";"910";
"193720";"299";
"193744";"982";
"193770";"641";
"193781";"218";
"193793";"201";
"193800";"1204";
"193811";"1335";
"193835";"187";
"193847";"321";
"193859";"230";
"193872";"1139";
"193884";"34";
"193902";"122";
"193914";"790";
"193926";"148";
"193938";"502";
"193940";"31";
"193951";"785";
"193963";"512";
"193975";"213";
"193987";"284";
"194001";"150";
"194013";"364";
"194025";"949";
"194037";"199";
"194049";"204";
"194050";"549";
"194062";"219";
"194086";"246";
"194098";"221";
"194116";"191";
"194128";"115";
"194130";"600";
"194141";"341";
"194153";"395";
"194177";"605";
"194189";"206";
"194190";"64";
"194219";"793";
"194220";"246";
"194232";"884";
"194244";"153";
"194256";"979";
"194268";"225";
"194270";"234";
"194281";"305";
"194293";"414";
"194300";"29";
"194311";"99";
"194323";"1916";
"194335";"89";
"194347";"89";
"194359";"265";
"194360";"128";
"194372";"256";
"194396";"724";
"194402";"297";
"194426";"32";
"194438";"187";
"194440";"85";
"194451";"531";
"194475";"70";
"194487";"1296";
"194517";"107";
"194530";"608";
"194542";"120";
"194566";"339";
"194578";"479";
"194580";"89";
"194608";"192";
"194610";"154";
"194621";"111";
"194645";"411";
"194657";"197";
"194669";"92";
"194670";"943";
"194682";"595";
"194694";"176";
"194736";"336";
"194750";"332";
"194761";"314";
"194773";"25";
"194785";"484";
"194797";"84";
"194803";"57";
"194815";"182";
"194839";"435";
"194852";"63";
"194864";"919";
"194876";"190";
"194888";"214";
"194906";"470";
"194918";"458";
"194920";"74";
"194931";"220";
"194943";"296";
"194955";"635";
"194967";"196";
"194979";"67";
"194980";"104";
"194992";"274";
"195005";"139";
"195029";"178";
"195054";"199";
"195066";"154";
"195078";"343";
"195080";"217";
"195091";"17";
"195108";"123";
"195110";"247";
"195121";"47";
"195133";"96";
"195145";"129";
"195157";"76";
"195169";"52";
"195170";"65";
"195182";"518";
"195194";"103";
"195200";"202";
"195212";"224";
"195236";"216";
"195250";"504";
"195261";"259";
"195273";"206";
"195285";"461";
"195297";"216";
"195303";"339";
"195315";"29";
"195327";"80";
"195339";"100";
"195340";"272";
"195352";"82";
"195376";"326";
"195388";"157";
"195390";"530";
"195406";"795";
"195418";"151";
"195420";"166";
"195431";"155";
"195443";"139";
"195455";"97";
"195467";"211";
"195480";"336";
"195492";"13";
"195509";"123";
"195522";"147";
"195534";"165";
"195546";"372";
"195558";"461";
"195560";"287";
"195583";"243";
"195595";"34";
"195601";"90";
"195613";"120";
"195625";"176";
"195637";"112";
"195649";"76";
"195650";"294";
"195662";"203";
"195674";"85";
"195686";"363";
"195698";"49";
"195704";"998";
"195716";"31";
"195728";"912";
"195730";"40";
"195741";"30";
"195753";"55";
"195765";"94";
"195777";"80";
"195789";"92";
"195790";"162";
"195807";"95";
"195819";"207";
"195820";"169";
"195832";"968";
"195844";"201";
"195856";"134";
"195868";"149";
"195870";"63";
"195893";"119";
"195900";"98";
"195911";"1057";
"195923";"14";
"195935";"159";
"195947";"1203";
"195959";"801";
"195960";"822";
"195972";"55";
"195984";"44";
"195996";"104";
"196009";"75";
"196022";"84";
"196034";"302";
"196046";"294";
"196058";"8";
"196060";"102";
"196071";"133";
"196083";"332";
"196101";"515";
"196113";"57";
"196125";"108";
"196137";"2058";
"196149";"296";
"196150";"422";
"196162";"39";
"196174";"798";
"196186";"710";
"196198";"501";
"196216";"1004";
"196228";"719";
"196230";"255";
"196241";"264";
"196253";"196";
"196265";"411";
"196277";"455";
"196289";"702";
"196290";"720";
"196320";"402";
"196356";"414";
"196368";"564";
"196400";"433";
"196423";"754";
"196435";"252";
"196447";"345";
"196459";"369";
"196472";"46";
"196484";"1048";
"196496";"212";
"196502";"13";
"196526";"202";
"196538";"490";
"196540";"237";
"196551";"323";
"196563";"279";
"196587";"215";
"196599";"128";
"196605";"45";
"196617";"432";
"196630";"98";
"196642";"449";
"196654";"860";
"196666";"694";
"196678";"621";
"196680";"405";
"196691";"318";
"196708";"440";
"196710";"825";
"196721";"716";
"196745";"734";
"196757";"933";
"196770";"720";
"196782";"663";
"196794";"776";
"196800";"580";
"196812";"653";
"196824";"1199";
"196836";"446";
"196848";"495";
"196850";"573";
"196861";"675";
"196873";"431";
"196885";"775";
"196897";"575";
"196903";"561";
"196915";"1180";
"196927";"523";
"196940";"694";
"196976";"659";
"196988";"607";
"196990";"444";
"197002";"491";
"197014";"491";
"197026";"447";
"197038";"822";
"197051";"398";
"197063";"445";
"197105";"548";
"197117";"503";
"197129";"694";
"197130";"929";
"197142";"596";
"197154";"1130";
"197166";"476";
"197178";"498";
"197180";"621";
"197191";"916";
"197208";"475";
"197210";"504";
"197221";"664";
"197233";"617";
"197245";"829";
"197257";"852";
"197282";"704";
"197294";"504";
"197300";"396";
"197312";"900";
"197348";"667";
"197350";"796";
"197361";"951";
"197373";"270";
"197385";"125";
"197397";"798";
"197403";"30";
"197415";"73";
"197427";"30";
"197439";"44";
"197440";"317";
"197464";"251";
"197476";"306";
"197488";"332";
"197490";"568";
"197506";"293";
"197518";"194";
"197520";"88";
"197531";"257";
"197543";"23";
"197555";"78";
"197567";"147";
"197579";"179";
"197580";"491";
"197609";"790";
"197622";"1093";
"197634";"799";
"197658";"762";
"197660";"470";
"197671";"470";
"197683";"830";
"197695";"681";
"197701";"657";
"197725";"582";
"197737";"864";
"197749";"769";
"197750";"619";
"197762";"551";
"197774";"585";
"197786";"426";
"197798";"629";
"197804";"515";
"197816";"882";
"197828";"335";
"197830";"43";
"197841";"96";
"197853";"46";
"197865";"369";
"197877";"562";
"197890";"770";
"197907";"588";
"197932";"372";
"197944";"499";
"197956";"241";
"197968";"439";
"197970";"468";
"197981";"414";
"197993";"720";
"198006";"629";
"198018";"678";
"198020";"554";
"198043";"387";
"198067";"482";
"198080";"452";
"198092";"876";
"198110";"579";
"198122";"368";
"198146";"890";
"198158";"844";
"198160";"621";
"198171";"606";
"198183";"364";
"198195";"449";
"198201";"869";
"198213";"796";
"198225";"573";
"198237";"833";
"198249";"435";
"198250";"450";
"198262";"724";
"198274";"719";
"198286";"398";
"198298";"690";
"198304";"406";
"198316";"376";
"198328";"332";
"198330";"453";
"198341";"247";
"198353";"66";
"198365";"553";
"198389";"635";
"198390";"603";
"198407";"148";
"198419";"347";
"198420";"642";
"198432";"407";
"198444";"552";
"198468";"201";
"198470";"91";
"198481";"205";
"198493";"1150";
"198500";"23";
"198511";"288";
"198523";"211";
"198535";"42";
"198547";"439";
"198560";"143";
"198572";"338";
"198584";"56";
"198602";"434";
"198626";"224";
"198638";"453";
"198651";"418";
"198663";"366";
"198675";"460";
"198699";"537";
"198705";"821";
"198717";"439";
"198729";"697";
"198730";"624";
"198742";"806";
"198754";"513";
"198766";"431";
"198778";"593";
"198780";"429";
"198791";"354";
"198808";"365";
"198810";"88";
"198821";"634";
"198833";"386";
"198845";"64";
"198857";"441";
"198870";"453";
"198882";"412";
"198894";"518";
"198912";"457";
"198948";"481";
"198950";"594";
"198961";"475";
"198973";"478";
"198985";"573";
"198997";"788";
"199000";"441";
"199011";"478";
"199023";"651";
"199035";"164";
"199047";"395";
"199059";"403";
"199060";"470";
"199084";"426";
"199096";"555";
"199102";"209";
"199114";"623";
"199138";"226";
"199140";"221";
"199163";"686";
"199175";"448";
"199187";"629";
"199199";"634";
"199205";"240";
"199217";"175";
"199229";"510";
"199230";"323";
"199242";"364";
"199254";"172";
"199266";"266";
"199278";"139";
"199280";"50";
"199291";"485";
"199308";"31";
"199310";"351";
"199321";"103";
"199333";"398";
"199345";"149";
"199357";"222";
"199369";"213";
"199370";"281";
"199400";"404";
"199412";"239";
"199436";"336";
"199450";"282";
"199461";"329";
"199473";"406";
"199497";"455";
"199503";"701";
"199515";"327";
"199527";"244";
"199539";"300";
"199540";"256";
"199552";"276";
"199564";"416";
"199576";"70";
"199588";"120";
"199590";"261";
"199606";"544";
"199618";"832";
"199620";"404";
"199631";"1218";
"199643";"84";
"199655";"159";
"199667";"75";
"199679";"65";
"199680";"910";
"199692";"33";
"199709";"57";
"199710";"172";
"199734";"245";
"199746";"195";
"199758";"245";
"199760";"26";
"199771";"61";
"199795";"651";
"199801";"819";
"199813";"208";
"199825";"245";
"199837";"220";
"199849";"195";
"199850";"301";
"199862";"502";
"199874";"495";
"199886";"223";
"199898";"204";
"199904";"649";
"199916";"188";
"199930";"522";
"199941";"272";
"199953";"195";
"199965";"586";
"199977";"270";
"199989";"595";
"199990";"91";
